"../../../Engine/Plugins/Animation/ACLPlugin/Content/ACLAnimBoneCompressionSettings.uasset" 0
"../../../Engine/Plugins/Animation/ACLPlugin/Content/ACLAnimBoneCompressionSettings.uexp" 1
"../../../Engine/Plugins/2D/Paper2D/Content/PlaceholderTextures/DummySpriteTexture.ubulk" 2
"../../../Engine/Plugins/2D/Paper2D/Content/PlaceholderTextures/DummySpriteTexture.uasset" 3
"../../../Engine/Plugins/2D/Paper2D/Content/PlaceholderTextures/DummySpriteTexture.uexp" 4
"../../../Engine/Plugins/2D/Paper2D/Content/DummySprite.uasset" 5
"../../../Engine/Plugins/2D/Paper2D/Content/DummySprite.uexp" 6
"../../../Engine/Plugins/2D/Paper2D/Content/DefaultPaperTerrainMaterial.uasset" 7
"../../../Engine/Plugins/2D/Paper2D/Content/DefaultPaperTerrainMaterial.uexp" 8
"../../../Engine/Content/EngineFonts/Faces/DroidSansFallback.uexp" 9
"../../../Engine/Content/EngineFonts/Faces/DroidSansFallback.uasset" 10
"../../../Engine/Content/EngineFonts/Faces/DroidSansFallback.ufont" 11
"../../../Engine/Content/EngineFonts/Faces/RobotoBold.uexp" 12
"../../../Engine/Content/EngineFonts/Faces/RobotoBold.uasset" 13
"../../../Engine/Content/EngineFonts/Faces/RobotoBold.ufont" 14
"../../../Engine/Content/EngineFonts/Faces/RobotoBoldItalic.uexp" 15
"../../../Engine/Content/EngineFonts/Faces/RobotoBoldItalic.uasset" 16
"../../../Engine/Content/EngineFonts/Faces/RobotoBoldItalic.ufont" 17
"../../../Engine/Content/EngineFonts/Faces/RobotoItalic.uexp" 18
"../../../Engine/Content/EngineFonts/Faces/RobotoItalic.uasset" 19
"../../../Engine/Content/EngineFonts/Faces/RobotoItalic.ufont" 20
"../../../Engine/Content/EngineFonts/Faces/RobotoLight.uexp" 21
"../../../Engine/Content/EngineFonts/Faces/RobotoLight.uasset" 22
"../../../Engine/Content/EngineFonts/Faces/RobotoLight.ufont" 23
"../../../Engine/Content/EngineFonts/Faces/RobotoRegular.uexp" 24
"../../../Engine/Content/EngineFonts/Faces/RobotoRegular.uasset" 25
"../../../Engine/Content/EngineFonts/Faces/RobotoRegular.ufont" 26
"../../../Engine/Content/EngineFonts/Roboto.uasset" 27
"../../../Engine/Content/EngineFonts/Roboto.uexp" 28
"../../../Engine/Plugins/Interchange/Runtime/Content/Pipelines/DefaultTexturePipeline.uasset" 29
"../../../Engine/Plugins/Interchange/Runtime/Content/Pipelines/DefaultTexturePipeline.uexp" 30
"../../../Engine/Plugins/Interchange/Runtime/Content/Pipelines/DefaultSceneLevelPipeline.uasset" 31
"../../../Engine/Plugins/Interchange/Runtime/Content/Pipelines/DefaultSceneLevelPipeline.uexp" 32
"../../../Engine/Plugins/Interchange/Runtime/Content/Pipelines/DefaultSceneAssetsPipeline.uasset" 33
"../../../Engine/Plugins/Interchange/Runtime/Content/Pipelines/DefaultSceneAssetsPipeline.uexp" 34
"../../../Engine/Plugins/Interchange/Runtime/Content/Pipelines/DefaultMaterialXPipeline.uasset" 35
"../../../Engine/Plugins/Interchange/Runtime/Content/Pipelines/DefaultMaterialXPipeline.uexp" 36
"../../../Engine/Plugins/Interchange/Runtime/Content/Pipelines/DefaultMaterialPipeline.uasset" 37
"../../../Engine/Plugins/Interchange/Runtime/Content/Pipelines/DefaultMaterialPipeline.uexp" 38
"../../../Engine/Plugins/Interchange/Runtime/Content/Pipelines/DefaultGLTFSceneAssetsPipeline.uasset" 39
"../../../Engine/Plugins/Interchange/Runtime/Content/Pipelines/DefaultGLTFSceneAssetsPipeline.uexp" 40
"../../../Engine/Plugins/Interchange/Runtime/Content/Pipelines/DefaultGLTFPipeline.uasset" 41
"../../../Engine/Plugins/Interchange/Runtime/Content/Pipelines/DefaultGLTFPipeline.uexp" 42
"../../../Engine/Plugins/Interchange/Runtime/Content/Pipelines/DefaultGLTFAssetsPipeline.uasset" 43
"../../../Engine/Plugins/Interchange/Runtime/Content/Pipelines/DefaultGLTFAssetsPipeline.uexp" 44
"../../../Engine/Plugins/Interchange/Runtime/Content/Pipelines/DefaultAssetsPipeline.uasset" 45
"../../../Engine/Plugins/Interchange/Runtime/Content/Pipelines/DefaultAssetsPipeline.uexp" 46
"../../../Engine/Content/EngineMaterials/DefaultPhysicalMaterial.uasset" 47
"../../../Engine/Content/EngineMaterials/DefaultPhysicalMaterial.uexp" 48
"../../../Engine/Content/EngineMaterials/DefaultDestructiblePhysicalMaterial.uasset" 49
"../../../Engine/Content/EngineMaterials/DefaultDestructiblePhysicalMaterial.uexp" 50
"../../../Engine/Content/EngineSounds/ReverbSettings/Hallway.uasset" 51
"../../../Engine/Content/EngineSounds/ReverbSettings/Hallway.uexp" 52
"../../../Engine/Content/EngineSounds/ReverbSettings/Cave.uasset" 53
"../../../Engine/Content/EngineSounds/ReverbSettings/Cave.uexp" 54
"../../../Engine/Content/EngineResources/GradientTexture0.uasset" 55
"../../../Engine/Content/EngineResources/GradientTexture0.uexp" 56
"../../../Engine/Content/EngineResources/Black.uasset" 57
"../../../Engine/Content/EngineResources/Black.uexp" 58
"../../../Engine/Content/EditorResources/S_Actor.ubulk" 59
"../../../Engine/Content/EditorResources/S_Actor.uasset" 60
"../../../Engine/Content/EditorResources/S_Actor.uexp" 61
"../../../Engine/Content/Functions/Engine_MaterialFunctions01/Opacity/CameraDepthFade.uasset" 62
"../../../Engine/Content/Functions/Engine_MaterialFunctions01/Opacity/CameraDepthFade.uexp" 63
"../../../Engine/Content/EngineMaterials/T_Default_Material_Grid_M.ubulk" 64
"../../../Engine/Content/EngineMaterials/T_Default_Material_Grid_M.uasset" 65
"../../../Engine/Content/EngineMaterials/T_Default_Material_Grid_M.uexp" 66
"../../../Engine/Content/EngineMaterials/T_Default_Material_Grid_N.ubulk" 67
"../../../Engine/Content/EngineMaterials/T_Default_Material_Grid_N.uasset" 68
"../../../Engine/Content/EngineMaterials/T_Default_Material_Grid_N.uexp" 69
"../../../Engine/Content/EngineMaterials/DefaultMaterial.uasset" 70
"../../../Engine/Content/EngineMaterials/DefaultMaterial.uexp" 71
"../../../Engine/Content/BasicShapes/Sphere.ubulk" 72
"../../../Engine/Content/BasicShapes/Sphere.uasset" 73
"../../../Engine/Content/BasicShapes/Sphere.uexp" 74
"../../../Engine/Content/VREditor/UI/KeyDiskMaterial.uasset" 75
"../../../Engine/Content/VREditor/UI/KeyDiskMaterial.uexp" 76
"../../../Engine/Content/VREditor/UI/DiscMaterial.uasset" 77
"../../../Engine/Content/VREditor/UI/DiscMaterial.uexp" 78
"C:/Users/Owner/Documents/Unreal Projects/SubstationNine/Content/WinVol_BP.uasset" 79
"C:/Users/Owner/Documents/Unreal Projects/SubstationNine/Content/WinVol_BP.uexp" 80
"../../../Engine/Plugins/NNE/NNEDenoiser/Content/NNEDTOM_Output_Default.uasset" 81
"../../../Engine/Plugins/NNE/NNEDenoiser/Content/NNEDTOM_Output_Default.uexp" 82
"../../../Engine/Plugins/NNE/NNEDenoiser/Content/NNEDTOM_Output_Alpha.uasset" 83
"../../../Engine/Plugins/NNE/NNEDenoiser/Content/NNEDTOM_Output_Alpha.uexp" 84
"../../../Engine/Plugins/NNE/NNEDenoiser/Content/NNEDTIM_ColorAlbedoNormal_Default.uasset" 85
"../../../Engine/Plugins/NNE/NNEDenoiser/Content/NNEDTIM_ColorAlbedoNormal_Default.uexp" 86
"../../../Engine/Plugins/NNE/NNEDenoiser/Content/NNEDTIM_ColorAlbedoNormal_Alpha.uasset" 87
"../../../Engine/Plugins/NNE/NNEDenoiser/Content/NNEDTIM_ColorAlbedoNormal_Alpha.uexp" 88
"../../../Engine/Plugins/NNE/NNEDenoiser/Content/NNEDOM_Output_Default.uasset" 89
"../../../Engine/Plugins/NNE/NNEDenoiser/Content/NNEDOM_Output_Default.uexp" 90
"../../../Engine/Plugins/NNE/NNEDenoiser/Content/NNEDOM_Output_Alpha.uasset" 91
"../../../Engine/Plugins/NNE/NNEDenoiser/Content/NNEDOM_Output_Alpha.uexp" 92
"../../../Engine/Plugins/NNE/NNEDenoiser/Content/NNEDIM_HighQuality_Default.uasset" 93
"../../../Engine/Plugins/NNE/NNEDenoiser/Content/NNEDIM_HighQuality_Default.uexp" 94
"../../../Engine/Plugins/NNE/NNEDenoiser/Content/NNEDIM_HighQuality_Alpha.uasset" 95
"../../../Engine/Plugins/NNE/NNEDenoiser/Content/NNEDIM_HighQuality_Alpha.uexp" 96
"../../../Engine/Plugins/NNE/NNEDenoiser/Content/NNEDIM_ColorAlbedoNormal_Default.uasset" 97
"../../../Engine/Plugins/NNE/NNEDenoiser/Content/NNEDIM_ColorAlbedoNormal_Default.uexp" 98
"../../../Engine/Plugins/NNE/NNEDenoiser/Content/NNEDIM_ColorAlbedoNormal_Alpha.uasset" 99
"../../../Engine/Plugins/NNE/NNEDenoiser/Content/NNEDIM_ColorAlbedoNormal_Alpha.uexp" 100
"../../../Engine/Content/Functions/Engine_MaterialFunctions02/WorldPositionOffset/CameraOffset.uasset" 101
"../../../Engine/Content/Functions/Engine_MaterialFunctions02/WorldPositionOffset/CameraOffset.uexp" 102
"../../../Engine/Plugins/Animation/ControlRig/Content/M_Manip.uasset" 103
"../../../Engine/Plugins/Animation/ControlRig/Content/M_Manip.uexp" 104
"../../../Engine/Content/Functions/Engine_MaterialFunctions02/Utility/CameraDirectionVector.uasset" 105
"../../../Engine/Content/Functions/Engine_MaterialFunctions02/Utility/CameraDirectionVector.uexp" 106
"../../../Engine/Content/EngineDebugMaterials/VolumeToRender.uasset" 107
"../../../Engine/Content/EngineDebugMaterials/VolumeToRender.uexp" 108
"../../../Engine/Content/EngineDebugMaterials/M_VolumeRenderSphereTracePP.uasset" 109
"../../../Engine/Content/EngineDebugMaterials/M_VolumeRenderSphereTracePP.uexp" 110
"../../../Engine/Content/EngineDebugMaterials/M_SimpleUnlitTranslucent.uasset" 111
"../../../Engine/Content/EngineDebugMaterials/M_SimpleUnlitTranslucent.uexp" 112
"../../../Engine/Content/EngineDebugMaterials/DebugMeshMaterial.uasset" 113
"../../../Engine/Content/EngineDebugMaterials/DebugMeshMaterial.uexp" 114
"../../../Engine/Content/EngineDebugMaterials/DebugEditorMaterial.uasset" 115
"../../../Engine/Content/EngineDebugMaterials/DebugEditorMaterial.uexp" 116
"../../../Engine/Content/EngineDebugMaterials/BlackUnlitMaterial.uasset" 117
"../../../Engine/Content/EngineDebugMaterials/BlackUnlitMaterial.uexp" 118
"../../../Engine/Content/EngineDamageTypes/DmgTypeBP_Environmental.uasset" 119
"../../../Engine/Content/EngineDamageTypes/DmgTypeBP_Environmental.uexp" 120
"../../../Engine/Content/EditorResources/S_TriggerSphere.uasset" 121
"../../../Engine/Content/EditorResources/S_TriggerSphere.uexp" 122
"../../../Engine/Content/EditorResources/S_TriggerCapsule.uasset" 123
"../../../Engine/Content/EditorResources/S_TriggerCapsule.uexp" 124
"../../../Engine/Content/EditorResources/S_TriggerBox.uasset" 125
"../../../Engine/Content/EditorResources/S_TriggerBox.uexp" 126
"../../../Engine/Content/EditorResources/S_Trigger.ubulk" 127
"../../../Engine/Content/EditorResources/S_Trigger.uasset" 128
"../../../Engine/Content/EditorResources/S_Trigger.uexp" 129
"../../../Engine/Content/EditorResources/S_Terrain.ubulk" 130
"../../../Engine/Content/EditorResources/S_Terrain.uasset" 131
"../../../Engine/Content/EditorResources/S_Terrain.uexp" 132
"../../../Engine/Content/EditorResources/S_Solver.ubulk" 133
"../../../Engine/Content/EditorResources/S_Solver.uasset" 134
"../../../Engine/Content/EditorResources/S_Solver.uexp" 135
"../../../Engine/Content/EditorResources/S_BoxReflectionCapture.uasset" 136
"../../../Engine/Content/EditorResources/S_BoxReflectionCapture.uexp" 137
"../../../Engine/Content/EditorResources/BSPVertex.uasset" 138
"../../../Engine/Content/EditorResources/BSPVertex.uexp" 139
"../../../Engine/Content/EditorMaterials/PreviewShadowIndicator.ubulk" 140
"../../../Engine/Content/EditorMaterials/PreviewShadowIndicator.uasset" 141
"../../../Engine/Content/EditorMaterials/PreviewShadowIndicator.uexp" 142
"../../../Engine/Content/EditorMaterials/PreviewShadowIndicatorMaterial.uasset" 143
"../../../Engine/Content/EditorMaterials/PreviewShadowIndicatorMaterial.uexp" 144
"../../../Engine/Content/EditorMaterials/PhAT_UnselectedMaterial.uasset" 145
"../../../Engine/Content/EditorMaterials/PhAT_UnselectedMaterial.uexp" 146
"../../../Engine/Content/EditorMaterials/PhAT_NoCollisionMaterial.uasset" 147
"../../../Engine/Content/EditorMaterials/PhAT_NoCollisionMaterial.uexp" 148
"../../../Engine/Content/EditorLandscapeResources/WhiteSquareTexture.uasset" 149
"../../../Engine/Content/EditorLandscapeResources/WhiteSquareTexture.uexp" 150
"../../../Engine/Content/EditorLandscapeResources/LayerVisMaterial.uasset" 151
"../../../Engine/Content/EditorLandscapeResources/LayerVisMaterial.uexp" 152
"../../../Engine/Content/Functions/Engine_MaterialFunctions02/WorldPositionOffset/LocalPosition.uasset" 153
"../../../Engine/Content/Functions/Engine_MaterialFunctions02/WorldPositionOffset/LocalPosition.uexp" 154
"../../../Engine/Content/Functions/Engine_MaterialFunctions02/Utility/BreakOutFloat2Components.uasset" 155
"../../../Engine/Content/Functions/Engine_MaterialFunctions02/Utility/BreakOutFloat2Components.uexp" 156
"../../../Engine/Content/Functions/Engine_MaterialFunctions01/Texturing/ScaleUVsByCenter.uasset" 157
"../../../Engine/Content/Functions/Engine_MaterialFunctions01/Texturing/ScaleUVsByCenter.uexp" 158
"../../../Engine/Content/EngineMaterials/DefaultDiffuse.ubulk" 159
"../../../Engine/Content/EngineMaterials/DefaultDiffuse.uasset" 160
"../../../Engine/Content/EngineMaterials/DefaultDiffuse.uexp" 161
"../../../Engine/Content/Functions/Engine_MaterialFunctions01/Texturing/TextureCropping.uasset" 162
"../../../Engine/Content/Functions/Engine_MaterialFunctions01/Texturing/TextureCropping.uexp" 163
"../../../Engine/Content/Functions/Engine_MaterialFunctions02/ExampleContent/DebugNumberStrip.uasset" 164
"../../../Engine/Content/Functions/Engine_MaterialFunctions02/ExampleContent/DebugNumberStrip.uexp" 165
"../../../Engine/Content/Functions/Engine_MaterialFunctions01/Debug/DebugIntValues.uasset" 166
"../../../Engine/Content/Functions/Engine_MaterialFunctions01/Debug/DebugIntValues.uexp" 167
"../../../Engine/Content/EditorLandscapeResources/LandscapeLayerUsageMaterial.uasset" 168
"../../../Engine/Content/EditorLandscapeResources/LandscapeLayerUsageMaterial.uexp" 169
"../../../Engine/Content/EditorLandscapeResources/DefaultAlphaTexture.uasset" 170
"../../../Engine/Content/EditorLandscapeResources/DefaultAlphaTexture.uexp" 171
"../../../Engine/Content/EditorLandscapeResources/LandscapeDirtyMaterial.uasset" 172
"../../../Engine/Content/EditorLandscapeResources/LandscapeDirtyMaterial.uexp" 173
"../../../Engine/Plugins/Runtime/HairStrands/Content/Materials/HairMeshesDefaultMaterial.uasset" 174
"../../../Engine/Plugins/Runtime/HairStrands/Content/Materials/HairMeshesDefaultMaterial.uexp" 175
"../../../Engine/Plugins/Runtime/HairStrands/Content/Materials/HairDefaultMaterial.uasset" 176
"../../../Engine/Plugins/Runtime/HairStrands/Content/Materials/HairDefaultMaterial.uexp" 177
"../../../Engine/Content/Functions/Engine_MaterialFunctions02/Utility/MakeFloat2.uasset" 178
"../../../Engine/Content/Functions/Engine_MaterialFunctions02/Utility/MakeFloat2.uexp" 179
"../../../Engine/Content/Functions/Engine_MaterialFunctions02/Utility/MakeFloat3.uasset" 180
"../../../Engine/Content/Functions/Engine_MaterialFunctions02/Utility/MakeFloat3.uexp" 181
"../../../Engine/Content/EngineMaterials/HairDebugColor.uasset" 182
"../../../Engine/Content/EngineMaterials/HairDebugColor.uexp" 183
"../../../Engine/Content/EngineMaterials/HairColorMap.uasset" 184
"../../../Engine/Content/EngineMaterials/HairColorMap.uexp" 185
"../../../Engine/Plugins/Runtime/HairStrands/Content/Materials/HairGroupColors.uasset" 186
"../../../Engine/Plugins/Runtime/HairStrands/Content/Materials/HairGroupColors.uexp" 187
"../../../Engine/Plugins/Runtime/HairStrands/Content/Materials/HairDebugMaterial.uasset" 188
"../../../Engine/Plugins/Runtime/HairStrands/Content/Materials/HairDebugMaterial.uexp" 189
"../../../Engine/Plugins/Runtime/HairStrands/Content/Materials/HairCardsDefaultMaterial.uasset" 190
"../../../Engine/Plugins/Runtime/HairStrands/Content/Materials/HairCardsDefaultMaterial.uexp" 191
"../../../Engine/Plugins/Runtime/AudioWidgets/Content/Resources/ScrubHandleDown_Clamped.uasset" 192
"../../../Engine/Plugins/Runtime/AudioWidgets/Content/Resources/ScrubHandleDown_Clamped.uexp" 193
"../../../Engine/Plugins/Interchange/Assets/Content/Functions/MX_UsdPreviewSurface.uasset" 194
"../../../Engine/Plugins/Interchange/Assets/Content/Functions/MX_UsdPreviewSurface.uexp" 195
"../../../Engine/Plugins/Interchange/Assets/Content/Functions/MX_UniformEDF.uasset" 196
"../../../Engine/Plugins/Interchange/Assets/Content/Functions/MX_UniformEDF.uexp" 197
"../../../Engine/Plugins/Interchange/Assets/Content/Functions/MX_TranslucentBSDF.uasset" 198
"../../../Engine/Plugins/Interchange/Assets/Content/Functions/MX_TranslucentBSDF.uexp" 199
"../../../Engine/Plugins/Interchange/Assets/Content/Functions/MX_ThinFilmBSDF.uasset" 200
"../../../Engine/Plugins/Interchange/Assets/Content/Functions/MX_ThinFilmBSDF.uexp" 201
"../../../Engine/Plugins/Interchange/Assets/Content/Functions/MX_SurfaceUnlit.uasset" 202
"../../../Engine/Plugins/Interchange/Assets/Content/Functions/MX_SurfaceUnlit.uexp" 203
"../../../Engine/Plugins/Interchange/Assets/Content/Functions/MX_Surface.uasset" 204
"../../../Engine/Plugins/Interchange/Assets/Content/Functions/MX_Surface.uexp" 205
"../../../Engine/Plugins/Interchange/Assets/Content/Functions/MX_SubsurfaceBSDF.uasset" 206
"../../../Engine/Plugins/Interchange/Assets/Content/Functions/MX_SubsurfaceBSDF.uexp" 207
"../../../Engine/Plugins/Interchange/Assets/Content/Functions/MX_SheenBSDF.uasset" 208
"../../../Engine/Plugins/Interchange/Assets/Content/Functions/MX_SheenBSDF.uexp" 209
"../../../Engine/Plugins/Interchange/Assets/Content/Functions/MX_OrenNayarBSDF.uasset" 210
"../../../Engine/Plugins/Interchange/Assets/Content/Functions/MX_OrenNayarBSDF.uexp" 211
"../../../Engine/Plugins/Interchange/Assets/Content/Functions/MF_IridescenceNoLUT.uasset" 212
"../../../Engine/Plugins/Interchange/Assets/Content/Functions/MF_IridescenceNoLUT.uexp" 213
"../../../Engine/Plugins/Interchange/Assets/Content/Functions/MX_StandardSurface.uasset" 214
"../../../Engine/Plugins/Interchange/Assets/Content/Functions/MX_StandardSurface.uexp" 215
"../../../Engine/Plugins/Interchange/Assets/Content/Functions/MX_TransmissionSurface.uasset" 216
"../../../Engine/Plugins/Interchange/Assets/Content/Functions/MX_TransmissionSurface.uexp" 217
"../../../Engine/Plugins/Interchange/Assets/Content/Functions/MX_OpenPBR_Translucent.uasset" 218
"../../../Engine/Plugins/Interchange/Assets/Content/Functions/MX_OpenPBR_Translucent.uexp" 219
"../../../Engine/Plugins/Interchange/Assets/Content/Functions/MX_OpenPBR_Opaque.uasset" 220
"../../../Engine/Plugins/Interchange/Assets/Content/Functions/MX_OpenPBR_Opaque.uexp" 221
"../../../Engine/Plugins/Interchange/Assets/Content/Functions/MX_MeasuredEDF.uasset" 222
"../../../Engine/Plugins/Interchange/Assets/Content/Functions/MX_MeasuredEDF.uexp" 223
"../../../Engine/Plugins/Interchange/Assets/Content/Functions/MX_GeneralizedSchlickBSDF.uasset" 224
"../../../Engine/Plugins/Interchange/Assets/Content/Functions/MX_GeneralizedSchlickBSDF.uexp" 225
"../../../Engine/Plugins/Interchange/Assets/Content/Functions/MX_Displacement.uasset" 226
"../../../Engine/Plugins/Interchange/Assets/Content/Functions/MX_Displacement.uexp" 227
"../../../Engine/Plugins/Interchange/Assets/Content/Functions/MX_DielectricBSDF.uasset" 228
"../../../Engine/Plugins/Interchange/Assets/Content/Functions/MX_DielectricBSDF.uexp" 229
"../../../Engine/Plugins/Interchange/Assets/Content/Functions/MX_ConicalEDF.uasset" 230
"../../../Engine/Plugins/Interchange/Assets/Content/Functions/MX_ConicalEDF.uexp" 231
"../../../Engine/Plugins/Interchange/Assets/Content/Functions/MX_ConductorBSDF.uasset" 232
"../../../Engine/Plugins/Interchange/Assets/Content/Functions/MX_ConductorBSDF.uexp" 233
"../../../Engine/Plugins/Interchange/Assets/Content/Functions/MX_BurleyDiffuseBSDF.uasset" 234
"../../../Engine/Plugins/Interchange/Assets/Content/Functions/MX_BurleyDiffuseBSDF.uexp" 235
"../../../Engine/Plugins/Interchange/Assets/Content/Functions/MX_AnisotropicVDF.uasset" 236
"../../../Engine/Plugins/Interchange/Assets/Content/Functions/MX_AnisotropicVDF.uexp" 237
"../../../Engine/Plugins/Interchange/Assets/Content/Functions/MX_AbsorptionVDF.uasset" 238
"../../../Engine/Plugins/Interchange/Assets/Content/Functions/MX_AbsorptionVDF.uexp" 239
"../../../Engine/Content/Functions/Engine_MaterialFunctions02/Utility/VectorLength.uasset" 240
"../../../Engine/Content/Functions/Engine_MaterialFunctions02/Utility/VectorLength.uexp" 241
"../../../Engine/Content/Functions/Engine_MaterialFunctions02/Utility/BreakOutFloat3Components.uasset" 242
"../../../Engine/Content/Functions/Engine_MaterialFunctions02/Utility/BreakOutFloat3Components.uexp" 243
"../../../Engine/Content/Functions/Engine_MaterialFunctions02/WorldPositionOffset/ObjectScale.uasset" 244
"../../../Engine/Content/Functions/Engine_MaterialFunctions02/WorldPositionOffset/ObjectScale.uexp" 245
"../../../Engine/Content/Functions/Engine_MaterialFunctions02/SafeNormalize.uasset" 246
"../../../Engine/Content/Functions/Engine_MaterialFunctions02/SafeNormalize.uexp" 247
"../../../Engine/Plugins/Editor/SpeedTreeImporter/Content/SpeedTree9/UnpackInteger3.uasset" 248
"../../../Engine/Plugins/Editor/SpeedTreeImporter/Content/SpeedTree9/UnpackInteger3.uexp" 249
"../../../Engine/Plugins/Editor/SpeedTreeImporter/Content/SpeedTree9/UnpackDirection.uasset" 250
"../../../Engine/Plugins/Editor/SpeedTreeImporter/Content/SpeedTree9/UnpackDirection.uexp" 251
"../../../Engine/Plugins/Editor/SpeedTreeImporter/Content/SpeedTree9/game_wind_noise.ubulk" 252
"../../../Engine/Plugins/Editor/SpeedTreeImporter/Content/SpeedTree9/game_wind_noise.uasset" 253
"../../../Engine/Plugins/Editor/SpeedTreeImporter/Content/SpeedTree9/game_wind_noise.uexp" 254
"../../../Engine/Plugins/Editor/SpeedTreeImporter/Content/SpeedTree9/SpeedTreeWindMotion.uasset" 255
"../../../Engine/Plugins/Editor/SpeedTreeImporter/Content/SpeedTree9/SpeedTreeWindMotion.uexp" 256
"../../../Engine/Plugins/Editor/SpeedTreeImporter/Content/SpeedTree9/SpeedTreeBranchMotion.uasset" 257
"../../../Engine/Plugins/Editor/SpeedTreeImporter/Content/SpeedTree9/SpeedTreeBranchMotion.uexp" 258
"../../../Engine/Content/Functions/Engine_MaterialFunctions02/ObjectLocalBounds.uasset" 259
"../../../Engine/Content/Functions/Engine_MaterialFunctions02/ObjectLocalBounds.uexp" 260
"../../../Engine/Content/Functions/Engine_MaterialFunctions02/UVs/BoundingBoxBased_0-1_UVW.uasset" 261
"../../../Engine/Content/Functions/Engine_MaterialFunctions02/UVs/BoundingBoxBased_0-1_UVW.uexp" 262
"../../../Engine/Plugins/Editor/SpeedTreeImporter/Content/SpeedTree9/SpeedTreeWind.uasset" 263
"../../../Engine/Plugins/Editor/SpeedTreeImporter/Content/SpeedTree9/SpeedTreeWind.uexp" 264
"../../../Engine/Plugins/Editor/SpeedTreeImporter/Content/SpeedTree9/SpeedTreeCameraFacing.uasset" 265
"../../../Engine/Plugins/Editor/SpeedTreeImporter/Content/SpeedTree9/SpeedTreeCameraFacing.uexp" 266
"../../../Engine/Plugins/Editor/SpeedTreeImporter/Content/SpeedTree9/EmptyNormal.uasset" 267
"../../../Engine/Plugins/Editor/SpeedTreeImporter/Content/SpeedTree9/EmptyNormal.uexp" 268
"../../../Engine/Plugins/Editor/SpeedTreeImporter/Content/SpeedTree9/Empty.uasset" 269
"../../../Engine/Plugins/Editor/SpeedTreeImporter/Content/SpeedTree9/Empty.uexp" 270
"../../../Engine/Plugins/Editor/SpeedTreeImporter/Content/SpeedTree9/SpeedTreeMaster.uasset" 271
"../../../Engine/Plugins/Editor/SpeedTreeImporter/Content/SpeedTree9/SpeedTreeMaster.uexp" 272
"../../../Engine/Plugins/Editor/SpeedTreeImporter/Content/SpeedTree9/SpeedTreeBillboard.uasset" 273
"../../../Engine/Plugins/Editor/SpeedTreeImporter/Content/SpeedTree9/SpeedTreeBillboard.uexp" 274
"../../../Engine/Plugins/Editor/SpeedTreeImporter/Content/SpeedTree9/SpeedTreeBillboardMaster.uasset" 275
"../../../Engine/Plugins/Editor/SpeedTreeImporter/Content/SpeedTree9/SpeedTreeBillboardMaster.uexp" 276
"../../../Engine/Content/EngineMaterials/WorldGridMaterial.uasset" 277
"../../../Engine/Content/EngineMaterials/WorldGridMaterial.uexp" 278
"../../../Engine/Plugins/Animation/ControlRig/Content/Controls/ControlRig_Wedge_solid.ubulk" 279
"../../../Engine/Plugins/Animation/ControlRig/Content/Controls/ControlRig_Wedge_solid.uasset" 280
"../../../Engine/Plugins/Animation/ControlRig/Content/Controls/ControlRig_Wedge_solid.uexp" 281
"../../../Engine/Plugins/Animation/ControlRig/Content/Controls/ControlRig_Wedge_3mm.ubulk" 282
"../../../Engine/Plugins/Animation/ControlRig/Content/Controls/ControlRig_Wedge_3mm.uasset" 283
"../../../Engine/Plugins/Animation/ControlRig/Content/Controls/ControlRig_Wedge_3mm.uexp" 284
"../../../Engine/Plugins/Animation/ControlRig/Content/Controls/ControlRig_Wedge_1mm.ubulk" 285
"../../../Engine/Plugins/Animation/ControlRig/Content/Controls/ControlRig_Wedge_1mm.uasset" 286
"../../../Engine/Plugins/Animation/ControlRig/Content/Controls/ControlRig_Wedge_1mm.uexp" 287
"../../../Engine/Plugins/Animation/ControlRig/Content/Controls/ControlRig_Triangle_solid.ubulk" 288
"../../../Engine/Plugins/Animation/ControlRig/Content/Controls/ControlRig_Triangle_solid.uasset" 289
"../../../Engine/Plugins/Animation/ControlRig/Content/Controls/ControlRig_Triangle_solid.uexp" 290
"../../../Engine/Plugins/Animation/ControlRig/Content/Controls/ControlRig_Triangle_3mm.ubulk" 291
"../../../Engine/Plugins/Animation/ControlRig/Content/Controls/ControlRig_Triangle_3mm.uasset" 292
"../../../Engine/Plugins/Animation/ControlRig/Content/Controls/ControlRig_Triangle_3mm.uexp" 293
"../../../Engine/Plugins/Animation/ControlRig/Content/Controls/ControlRig_Triangle_1mm.ubulk" 294
"../../../Engine/Plugins/Animation/ControlRig/Content/Controls/ControlRig_Triangle_1mm.uasset" 295
"../../../Engine/Plugins/Animation/ControlRig/Content/Controls/ControlRig_Triangle_1mm.uexp" 296
"../../../Engine/Plugins/Animation/ControlRig/Content/Controls/ControlRig_Star4_solid.ubulk" 297
"../../../Engine/Plugins/Animation/ControlRig/Content/Controls/ControlRig_Star4_solid.uasset" 298
"../../../Engine/Plugins/Animation/ControlRig/Content/Controls/ControlRig_Star4_solid.uexp" 299
"../../../Engine/Plugins/Animation/ControlRig/Content/Controls/ControlRig_Star4_3mm.ubulk" 300
"../../../Engine/Plugins/Animation/ControlRig/Content/Controls/ControlRig_Star4_3mm.uasset" 301
"../../../Engine/Plugins/Animation/ControlRig/Content/Controls/ControlRig_Star4_3mm.uexp" 302
"../../../Engine/Plugins/Animation/ControlRig/Content/Controls/ControlRig_Star4_1mm.ubulk" 303
"../../../Engine/Plugins/Animation/ControlRig/Content/Controls/ControlRig_Star4_1mm.uasset" 304
"../../../Engine/Plugins/Animation/ControlRig/Content/Controls/ControlRig_Star4_1mm.uexp" 305
"../../../Engine/Plugins/Animation/ControlRig/Content/Controls/ControlRig_Square_solid.ubulk" 306
"../../../Engine/Plugins/Animation/ControlRig/Content/Controls/ControlRig_Square_solid.uasset" 307
"../../../Engine/Plugins/Animation/ControlRig/Content/Controls/ControlRig_Square_solid.uexp" 308
"../../../Engine/Plugins/Animation/ControlRig/Content/Controls/ControlRig_Square_3mm.ubulk" 309
"../../../Engine/Plugins/Animation/ControlRig/Content/Controls/ControlRig_Square_3mm.uasset" 310
"../../../Engine/Plugins/Animation/ControlRig/Content/Controls/ControlRig_Square_3mm.uexp" 311
"../../../Engine/Plugins/Animation/ControlRig/Content/Controls/ControlRig_Square_1mm.ubulk" 312
"../../../Engine/Plugins/Animation/ControlRig/Content/Controls/ControlRig_Square_1mm.uasset" 313
"../../../Engine/Plugins/Animation/ControlRig/Content/Controls/ControlRig_Square_1mm.uexp" 314
"../../../Engine/Plugins/Animation/ControlRig/Content/Controls/ControlRig_Sphere_solid.ubulk" 315
"../../../Engine/Plugins/Animation/ControlRig/Content/Controls/ControlRig_Sphere_solid.uasset" 316
"../../../Engine/Plugins/Animation/ControlRig/Content/Controls/ControlRig_Sphere_solid.uexp" 317
"../../../Engine/Plugins/Animation/ControlRig/Content/Controls/ControlRig_Sphere_3mm.ubulk" 318
"../../../Engine/Plugins/Animation/ControlRig/Content/Controls/ControlRig_Sphere_3mm.uasset" 319
"../../../Engine/Plugins/Animation/ControlRig/Content/Controls/ControlRig_Sphere_3mm.uexp" 320
"../../../Engine/Plugins/Animation/ControlRig/Content/Controls/ControlRig_Sphere_1mm.ubulk" 321
"../../../Engine/Plugins/Animation/ControlRig/Content/Controls/ControlRig_Sphere_1mm.uasset" 322
"../../../Engine/Plugins/Animation/ControlRig/Content/Controls/ControlRig_Sphere_1mm.uexp" 323
"../../../Engine/Plugins/Animation/ControlRig/Content/Controls/ControlRig_RoundedTriangle_solid.ubulk" 324
"../../../Engine/Plugins/Animation/ControlRig/Content/Controls/ControlRig_RoundedTriangle_solid.uasset" 325
"../../../Engine/Plugins/Animation/ControlRig/Content/Controls/ControlRig_RoundedTriangle_solid.uexp" 326
"../../../Engine/Plugins/Animation/ControlRig/Content/Controls/ControlRig_RoundedTriangle_3mm.ubulk" 327
"../../../Engine/Plugins/Animation/ControlRig/Content/Controls/ControlRig_RoundedTriangle_3mm.uasset" 328
"../../../Engine/Plugins/Animation/ControlRig/Content/Controls/ControlRig_RoundedTriangle_3mm.uexp" 329
"../../../Engine/Plugins/Animation/ControlRig/Content/Controls/ControlRig_RoundedTriangle_1mm.ubulk" 330
"../../../Engine/Plugins/Animation/ControlRig/Content/Controls/ControlRig_RoundedTriangle_1mm.uasset" 331
"../../../Engine/Plugins/Animation/ControlRig/Content/Controls/ControlRig_RoundedTriangle_1mm.uexp" 332
"../../../Engine/Plugins/Animation/ControlRig/Content/Controls/ControlRig_RoundedSquare_solid.ubulk" 333
"../../../Engine/Plugins/Animation/ControlRig/Content/Controls/ControlRig_RoundedSquare_solid.uasset" 334
"../../../Engine/Plugins/Animation/ControlRig/Content/Controls/ControlRig_RoundedSquare_solid.uexp" 335
"../../../Engine/Plugins/Animation/ControlRig/Content/Controls/ControlRig_RoundedSquare_3mm.ubulk" 336
"../../../Engine/Plugins/Animation/ControlRig/Content/Controls/ControlRig_RoundedSquare_3mm.uasset" 337
"../../../Engine/Plugins/Animation/ControlRig/Content/Controls/ControlRig_RoundedSquare_3mm.uexp" 338
"../../../Engine/Plugins/Animation/ControlRig/Content/Controls/ControlRig_RoundedSquare_1mm.ubulk" 339
"../../../Engine/Plugins/Animation/ControlRig/Content/Controls/ControlRig_RoundedSquare_1mm.uasset" 340
"../../../Engine/Plugins/Animation/ControlRig/Content/Controls/ControlRig_RoundedSquare_1mm.uexp" 341
"../../../Engine/Plugins/Animation/ControlRig/Content/Controls/ControlRig_QuarterCircle_solid.ubulk" 342
"../../../Engine/Plugins/Animation/ControlRig/Content/Controls/ControlRig_QuarterCircle_solid.uasset" 343
"../../../Engine/Plugins/Animation/ControlRig/Content/Controls/ControlRig_QuarterCircle_solid.uexp" 344
"../../../Engine/Plugins/Animation/ControlRig/Content/Controls/ControlRig_QuarterCircle_3mm.ubulk" 345
"../../../Engine/Plugins/Animation/ControlRig/Content/Controls/ControlRig_QuarterCircle_3mm.uasset" 346
"../../../Engine/Plugins/Animation/ControlRig/Content/Controls/ControlRig_QuarterCircle_3mm.uexp" 347
"../../../Engine/Plugins/Animation/ControlRig/Content/Controls/ControlRig_QuarterCircle_1mm.ubulk" 348
"../../../Engine/Plugins/Animation/ControlRig/Content/Controls/ControlRig_QuarterCircle_1mm.uasset" 349
"../../../Engine/Plugins/Animation/ControlRig/Content/Controls/ControlRig_QuarterCircle_1mm.uexp" 350
"../../../Engine/Plugins/Animation/ControlRig/Content/Controls/ControlRig_Pyramid_solid.ubulk" 351
"../../../Engine/Plugins/Animation/ControlRig/Content/Controls/ControlRig_Pyramid_solid.uasset" 352
"../../../Engine/Plugins/Animation/ControlRig/Content/Controls/ControlRig_Pyramid_solid.uexp" 353
"../../../Engine/Plugins/Animation/ControlRig/Content/Controls/ControlRig_Pyramid_3mm.ubulk" 354
"../../../Engine/Plugins/Animation/ControlRig/Content/Controls/ControlRig_Pyramid_3mm.uasset" 355
"../../../Engine/Plugins/Animation/ControlRig/Content/Controls/ControlRig_Pyramid_3mm.uexp" 356
"../../../Engine/Plugins/Animation/ControlRig/Content/Controls/ControlRig_Pyramid_1mm.ubulk" 357
"../../../Engine/Plugins/Animation/ControlRig/Content/Controls/ControlRig_Pyramid_1mm.uasset" 358
"../../../Engine/Plugins/Animation/ControlRig/Content/Controls/ControlRig_Pyramid_1mm.uexp" 359
"../../../Engine/Plugins/Animation/ControlRig/Content/Controls/ControlRig_Octagon_solid.ubulk" 360
"../../../Engine/Plugins/Animation/ControlRig/Content/Controls/ControlRig_Octagon_solid.uasset" 361
"../../../Engine/Plugins/Animation/ControlRig/Content/Controls/ControlRig_Octagon_solid.uexp" 362
"../../../Engine/Plugins/Animation/ControlRig/Content/Controls/ControlRig_Octagon_3mm.ubulk" 363
"../../../Engine/Plugins/Animation/ControlRig/Content/Controls/ControlRig_Octagon_3mm.uasset" 364
"../../../Engine/Plugins/Animation/ControlRig/Content/Controls/ControlRig_Octagon_3mm.uexp" 365
"../../../Engine/Plugins/Animation/ControlRig/Content/Controls/ControlRig_Octagon_1mm.ubulk" 366
"../../../Engine/Plugins/Animation/ControlRig/Content/Controls/ControlRig_Octagon_1mm.uasset" 367
"../../../Engine/Plugins/Animation/ControlRig/Content/Controls/ControlRig_Octagon_1mm.uexp" 368
"../../../Engine/Plugins/Animation/ControlRig/Content/Controls/ControlRig_Hexagon_solid.ubulk" 369
"../../../Engine/Plugins/Animation/ControlRig/Content/Controls/ControlRig_Hexagon_solid.uasset" 370
"../../../Engine/Plugins/Animation/ControlRig/Content/Controls/ControlRig_Hexagon_solid.uexp" 371
"../../../Engine/Plugins/Animation/ControlRig/Content/Controls/ControlRig_Hexagon_3mm.ubulk" 372
"../../../Engine/Plugins/Animation/ControlRig/Content/Controls/ControlRig_Hexagon_3mm.uasset" 373
"../../../Engine/Plugins/Animation/ControlRig/Content/Controls/ControlRig_Hexagon_3mm.uexp" 374
"../../../Engine/Plugins/Animation/ControlRig/Content/Controls/ControlRig_Hexagon_1mm.ubulk" 375
"../../../Engine/Plugins/Animation/ControlRig/Content/Controls/ControlRig_Hexagon_1mm.uasset" 376
"../../../Engine/Plugins/Animation/ControlRig/Content/Controls/ControlRig_Hexagon_1mm.uexp" 377
"../../../Engine/Plugins/Animation/ControlRig/Content/Controls/ControlRig_HalfCircle_solid.ubulk" 378
"../../../Engine/Plugins/Animation/ControlRig/Content/Controls/ControlRig_HalfCircle_solid.uasset" 379
"../../../Engine/Plugins/Animation/ControlRig/Content/Controls/ControlRig_HalfCircle_solid.uexp" 380
"../../../Engine/Plugins/Animation/ControlRig/Content/Controls/ControlRig_HalfCircle_3mm.ubulk" 381
"../../../Engine/Plugins/Animation/ControlRig/Content/Controls/ControlRig_HalfCircle_3mm.uasset" 382
"../../../Engine/Plugins/Animation/ControlRig/Content/Controls/ControlRig_HalfCircle_3mm.uexp" 383
"../../../Engine/Plugins/Animation/ControlRig/Content/Controls/ControlRig_HalfCircle_1mm.ubulk" 384
"../../../Engine/Plugins/Animation/ControlRig/Content/Controls/ControlRig_HalfCircle_1mm.uasset" 385
"../../../Engine/Plugins/Animation/ControlRig/Content/Controls/ControlRig_HalfCircle_1mm.uexp" 386
"../../../Engine/Plugins/Animation/ControlRig/Content/Controls/ControlRig_Diamond_solid.ubulk" 387
"../../../Engine/Plugins/Animation/ControlRig/Content/Controls/ControlRig_Diamond_solid.uasset" 388
"../../../Engine/Plugins/Animation/ControlRig/Content/Controls/ControlRig_Diamond_solid.uexp" 389
"../../../Engine/Plugins/Animation/ControlRig/Content/Controls/ControlRig_Diamond_3mm.ubulk" 390
"../../../Engine/Plugins/Animation/ControlRig/Content/Controls/ControlRig_Diamond_3mm.uasset" 391
"../../../Engine/Plugins/Animation/ControlRig/Content/Controls/ControlRig_Diamond_3mm.uexp" 392
"../../../Engine/Plugins/Animation/ControlRig/Content/Controls/ControlRig_Diamond_1mm.ubulk" 393
"../../../Engine/Plugins/Animation/ControlRig/Content/Controls/ControlRig_Diamond_1mm.uasset" 394
"../../../Engine/Plugins/Animation/ControlRig/Content/Controls/ControlRig_Diamond_1mm.uexp" 395
"../../../Engine/Plugins/Animation/ControlRig/Content/Controls/ControlRig_Circle_solid.ubulk" 396
"../../../Engine/Plugins/Animation/ControlRig/Content/Controls/ControlRig_Circle_solid.uasset" 397
"../../../Engine/Plugins/Animation/ControlRig/Content/Controls/ControlRig_Circle_solid.uexp" 398
"../../../Engine/Plugins/Animation/ControlRig/Content/Controls/ControlRig_Circle_3mm.ubulk" 399
"../../../Engine/Plugins/Animation/ControlRig/Content/Controls/ControlRig_Circle_3mm.uasset" 400
"../../../Engine/Plugins/Animation/ControlRig/Content/Controls/ControlRig_Circle_3mm.uexp" 401
"../../../Engine/Plugins/Animation/ControlRig/Content/Controls/ControlRig_Circle_1mm.ubulk" 402
"../../../Engine/Plugins/Animation/ControlRig/Content/Controls/ControlRig_Circle_1mm.uasset" 403
"../../../Engine/Plugins/Animation/ControlRig/Content/Controls/ControlRig_Circle_1mm.uexp" 404
"../../../Engine/Plugins/Animation/ControlRig/Content/Controls/ControlRig_Box_solid.ubulk" 405
"../../../Engine/Plugins/Animation/ControlRig/Content/Controls/ControlRig_Box_solid.uasset" 406
"../../../Engine/Plugins/Animation/ControlRig/Content/Controls/ControlRig_Box_solid.uexp" 407
"../../../Engine/Plugins/Animation/ControlRig/Content/Controls/ControlRig_Box_3mm.ubulk" 408
"../../../Engine/Plugins/Animation/ControlRig/Content/Controls/ControlRig_Box_3mm.uasset" 409
"../../../Engine/Plugins/Animation/ControlRig/Content/Controls/ControlRig_Box_3mm.uexp" 410
"../../../Engine/Plugins/Animation/ControlRig/Content/Controls/ControlRig_Box_1mm.ubulk" 411
"../../../Engine/Plugins/Animation/ControlRig/Content/Controls/ControlRig_Box_1mm.uasset" 412
"../../../Engine/Plugins/Animation/ControlRig/Content/Controls/ControlRig_Box_1mm.uexp" 413
"../../../Engine/Plugins/Animation/ControlRig/Content/Controls/ControlRig_Arrow_solid.ubulk" 414
"../../../Engine/Plugins/Animation/ControlRig/Content/Controls/ControlRig_Arrow_solid.uasset" 415
"../../../Engine/Plugins/Animation/ControlRig/Content/Controls/ControlRig_Arrow_solid.uexp" 416
"../../../Engine/Plugins/Animation/ControlRig/Content/Controls/ControlRig_Arrow_3mm.ubulk" 417
"../../../Engine/Plugins/Animation/ControlRig/Content/Controls/ControlRig_Arrow_3mm.uasset" 418
"../../../Engine/Plugins/Animation/ControlRig/Content/Controls/ControlRig_Arrow_3mm.uexp" 419
"../../../Engine/Plugins/Animation/ControlRig/Content/Controls/ControlRig_Arrow_1mm.ubulk" 420
"../../../Engine/Plugins/Animation/ControlRig/Content/Controls/ControlRig_Arrow_1mm.uasset" 421
"../../../Engine/Plugins/Animation/ControlRig/Content/Controls/ControlRig_Arrow_1mm.uexp" 422
"../../../Engine/Plugins/Animation/ControlRig/Content/Controls/ControlRig_Arrow4_solid.ubulk" 423
"../../../Engine/Plugins/Animation/ControlRig/Content/Controls/ControlRig_Arrow4_solid.uasset" 424
"../../../Engine/Plugins/Animation/ControlRig/Content/Controls/ControlRig_Arrow4_solid.uexp" 425
"../../../Engine/Plugins/Animation/ControlRig/Content/Controls/ControlRig_Arrow4_3mm.ubulk" 426
"../../../Engine/Plugins/Animation/ControlRig/Content/Controls/ControlRig_Arrow4_3mm.uasset" 427
"../../../Engine/Plugins/Animation/ControlRig/Content/Controls/ControlRig_Arrow4_3mm.uexp" 428
"../../../Engine/Plugins/Animation/ControlRig/Content/Controls/ControlRig_Arrow4_1mm.ubulk" 429
"../../../Engine/Plugins/Animation/ControlRig/Content/Controls/ControlRig_Arrow4_1mm.uasset" 430
"../../../Engine/Plugins/Animation/ControlRig/Content/Controls/ControlRig_Arrow4_1mm.uexp" 431
"../../../Engine/Plugins/Animation/ControlRig/Content/Controls/ControlRig_Arrow2_solid.ubulk" 432
"../../../Engine/Plugins/Animation/ControlRig/Content/Controls/ControlRig_Arrow2_solid.uasset" 433
"../../../Engine/Plugins/Animation/ControlRig/Content/Controls/ControlRig_Arrow2_solid.uexp" 434
"../../../Engine/Plugins/Animation/ControlRig/Content/Controls/ControlRig_Arrow2_3mm.ubulk" 435
"../../../Engine/Plugins/Animation/ControlRig/Content/Controls/ControlRig_Arrow2_3mm.uasset" 436
"../../../Engine/Plugins/Animation/ControlRig/Content/Controls/ControlRig_Arrow2_3mm.uexp" 437
"../../../Engine/Plugins/Animation/ControlRig/Content/Controls/ControlRig_Arrow2_1mm.ubulk" 438
"../../../Engine/Plugins/Animation/ControlRig/Content/Controls/ControlRig_Arrow2_1mm.uasset" 439
"../../../Engine/Plugins/Animation/ControlRig/Content/Controls/ControlRig_Arrow2_1mm.uexp" 440
"../../../Engine/Plugins/Animation/ControlRig/Content/Controls/ControlRigXRayMaterial.uasset" 441
"../../../Engine/Plugins/Animation/ControlRig/Content/Controls/ControlRigXRayMaterial.uexp" 442
"../../../Engine/Plugins/Animation/ControlRig/Content/Controls/ControlRigGizmoMaterial.uasset" 443
"../../../Engine/Plugins/Animation/ControlRig/Content/Controls/ControlRigGizmoMaterial.uexp" 444
"../../../Engine/Content/EngineResources/DefaultTexture.ubulk" 445
"../../../Engine/Content/EngineResources/DefaultTexture.uasset" 446
"../../../Engine/Content/EngineResources/DefaultTexture.uexp" 447
"../../../Engine/Content/EngineMeshes/Sphere.ubulk" 448
"../../../Engine/Content/EngineMeshes/Sphere.uasset" 449
"../../../Engine/Content/EngineMeshes/Sphere.uexp" 450
"../../../Engine/Content/EngineMaterials/RemoveSurfaceMaterial.uasset" 451
"../../../Engine/Content/EngineMaterials/RemoveSurfaceMaterial.uexp" 452
"../../../Engine/Content/EngineMaterials/PreintegratedSkinBRDF.uasset" 453
"../../../Engine/Content/EngineMaterials/PreintegratedSkinBRDF.uexp" 454
"../../../Engine/Content/EngineMaterials/DefaultCalibrationGrayscale.uasset" 455
"../../../Engine/Content/EngineMaterials/DefaultCalibrationGrayscale.uexp" 456
"../../../Engine/Content/EngineMaterials/PPM_DefaultCalibrationGrayscale.uasset" 457
"../../../Engine/Content/EngineMaterials/PPM_DefaultCalibrationGrayscale.uexp" 458
"../../../Engine/Content/EngineMaterials/DefaultCalibrationColor.uasset" 459
"../../../Engine/Content/EngineMaterials/DefaultCalibrationColor.uexp" 460
"../../../Engine/Content/EngineMaterials/PPM_DefaultCalibrationColor.uasset" 461
"../../../Engine/Content/EngineMaterials/PPM_DefaultCalibrationColor.uexp" 462
"../../../Engine/Content/EngineMaterials/PhAT_JointLimitMaterial.uasset" 463
"../../../Engine/Content/EngineMaterials/PhAT_JointLimitMaterial.uexp" 464
"../../../Engine/Content/EngineMaterials/NaniteHiddenSectionMaterial.uasset" 465
"../../../Engine/Content/EngineMaterials/NaniteHiddenSectionMaterial.uexp" 466
"../../../Engine/Content/EngineMaterials/InvalidLightmapSettings.ubulk" 467
"../../../Engine/Content/EngineMaterials/InvalidLightmapSettings.uasset" 468
"../../../Engine/Content/EngineMaterials/InvalidLightmapSettings.uexp" 469
"../../../Engine/Content/EngineMaterials/M_InvalidLightmapSettings.uasset" 470
"../../../Engine/Content/EngineMaterials/M_InvalidLightmapSettings.uexp" 471
"../../../Engine/Content/EngineMaterials/MiniFont.uasset" 472
"../../../Engine/Content/EngineMaterials/MiniFont.uexp" 473
"../../../Engine/Content/EngineMaterials/GizmoMaterial.uasset" 474
"../../../Engine/Content/EngineMaterials/GizmoMaterial.uexp" 475
"../../../Engine/Content/EngineMaterials/BaseFlattenDiffuseMap_VT.ubulk" 476
"../../../Engine/Content/EngineMaterials/BaseFlattenDiffuseMap_VT.uasset" 477
"../../../Engine/Content/EngineMaterials/BaseFlattenDiffuseMap_VT.uexp" 478
"../../../Engine/Content/EngineMaterials/BaseFlattenEmissiveMap_VT.ubulk" 479
"../../../Engine/Content/EngineMaterials/BaseFlattenEmissiveMap_VT.uasset" 480
"../../../Engine/Content/EngineMaterials/BaseFlattenEmissiveMap_VT.uexp" 481
"../../../Engine/Content/EngineMaterials/BaseFlattenGrayscaleMap_VT.ubulk" 482
"../../../Engine/Content/EngineMaterials/BaseFlattenGrayscaleMap_VT.uasset" 483
"../../../Engine/Content/EngineMaterials/BaseFlattenGrayscaleMap_VT.uexp" 484
"../../../Engine/Content/EngineMaterials/BaseFlattenLinearColor_VT.ubulk" 485
"../../../Engine/Content/EngineMaterials/BaseFlattenLinearColor_VT.uasset" 486
"../../../Engine/Content/EngineMaterials/BaseFlattenLinearColor_VT.uexp" 487
"../../../Engine/Content/EngineMaterials/BaseFlattenNormalMap_VT.ubulk" 488
"../../../Engine/Content/EngineMaterials/BaseFlattenNormalMap_VT.uasset" 489
"../../../Engine/Content/EngineMaterials/BaseFlattenNormalMap_VT.uexp" 490
"../../../Engine/Content/EngineMaterials/Black_1x1_EXR_Texture_VT.ubulk" 491
"../../../Engine/Content/EngineMaterials/Black_1x1_EXR_Texture_VT.uasset" 492
"../../../Engine/Content/EngineMaterials/Black_1x1_EXR_Texture_VT.uexp" 493
"../../../Engine/Content/EngineMaterials/FlattenMaterial_WS_Normal_VT.uasset" 494
"../../../Engine/Content/EngineMaterials/FlattenMaterial_WS_Normal_VT.uexp" 495
"../../../Engine/Content/EngineMaterials/FlattenMaterial_VT.uasset" 496
"../../../Engine/Content/EngineMaterials/FlattenMaterial_VT.uexp" 497
"../../../Engine/Content/EngineMaterials/BaseFlattenNormalMap.uasset" 498
"../../../Engine/Content/EngineMaterials/BaseFlattenNormalMap.uexp" 499
"../../../Engine/Content/EngineMaterials/BaseFlattenDiffuseMap.uasset" 500
"../../../Engine/Content/EngineMaterials/BaseFlattenDiffuseMap.uexp" 501
"../../../Engine/Content/EngineMaterials/BaseFlattenEmissiveMap.uasset" 502
"../../../Engine/Content/EngineMaterials/BaseFlattenEmissiveMap.uexp" 503
"../../../Engine/Content/EngineMaterials/BaseFlattenGrayscaleMap.uasset" 504
"../../../Engine/Content/EngineMaterials/BaseFlattenGrayscaleMap.uexp" 505
"../../../Engine/Content/EngineMaterials/BaseFlattenLinearColor.uasset" 506
"../../../Engine/Content/EngineMaterials/BaseFlattenLinearColor.uexp" 507
"../../../Engine/Content/Functions/Engine_MaterialFunctions02/PivotPainter2/Black_1x1_EXR_Texture.uasset" 508
"../../../Engine/Content/Functions/Engine_MaterialFunctions02/PivotPainter2/Black_1x1_EXR_Texture.uexp" 509
"../../../Engine/Content/EngineMaterials/FlattenMaterial.uasset" 510
"../../../Engine/Content/EngineMaterials/FlattenMaterial.uexp" 511
"../../../Engine/Content/EngineMaterials/FastBlueNoise_vec2_128x128x64.uasset" 512
"../../../Engine/Content/EngineMaterials/FastBlueNoise_vec2_128x128x64.uexp" 513
"../../../Engine/Content/EngineMaterials/FastBlueNoise_scalar_128x128x8.uasset" 514
"../../../Engine/Content/EngineMaterials/FastBlueNoise_scalar_128x128x8.uexp" 515
"../../../Engine/Content/EngineMaterials/FastBlueNoise_scalar_128x128x64.uasset" 516
"../../../Engine/Content/EngineMaterials/FastBlueNoise_scalar_128x128x64.uexp" 517
"../../../Engine/Content/EngineMaterials/DefaultWhiteGrid_Low.uasset" 518
"../../../Engine/Content/EngineMaterials/DefaultWhiteGrid_Low.uexp" 519
"../../../Engine/Content/EngineMaterials/EmissiveMeshMaterial.uasset" 520
"../../../Engine/Content/EngineMaterials/EmissiveMeshMaterial.uexp" 521
"../../../Engine/Content/EngineMaterials/DefaultWhiteGrid.ubulk" 522
"../../../Engine/Content/EngineMaterials/DefaultWhiteGrid.uasset" 523
"../../../Engine/Content/EngineMaterials/DefaultWhiteGrid.uexp" 524
"../../../Engine/Content/EngineFonts/RobotoDistanceField.uasset" 525
"../../../Engine/Content/EngineFonts/RobotoDistanceField.uexp" 526
"../../../Engine/Content/EngineMaterials/DefaultTextMaterialOpaque.uasset" 527
"../../../Engine/Content/EngineMaterials/DefaultTextMaterialOpaque.uexp" 528
"../../../Engine/Content/EngineMaterials/DefaultPostProcessMaterial.uasset" 529
"../../../Engine/Content/EngineMaterials/DefaultPostProcessMaterial.uexp" 530
"../../../Engine/Content/EngineMaterials/DefaultLightFunctionMaterial.uasset" 531
"../../../Engine/Content/EngineMaterials/DefaultLightFunctionMaterial.uexp" 532
"../../../Engine/Content/EngineMaterials/DefaultDeferredDecalMaterial.uasset" 533
"../../../Engine/Content/EngineMaterials/DefaultDeferredDecalMaterial.uexp" 534
"../../../Engine/Content/EngineMaterials/DefaultBokeh.uasset" 535
"../../../Engine/Content/EngineMaterials/DefaultBokeh.uexp" 536
"../../../Engine/Content/EngineMaterials/DefaultBloomKernel.uasset" 537
"../../../Engine/Content/EngineMaterials/DefaultBloomKernel.uexp" 538
"../../../Engine/Content/BasicShapes/Cube.ubulk" 539
"../../../Engine/Content/BasicShapes/Cube.uasset" 540
"../../../Engine/Content/BasicShapes/Cube.uexp" 541
"../../../Engine/Content/BasicShapes/BasicShapeMaterial.uasset" 542
"../../../Engine/Content/BasicShapes/BasicShapeMaterial.uexp" 543
"C:/Users/Owner/Documents/Unreal Projects/SubstationNine/Content/Widgets/Interact_WBP.uasset" 544
"C:/Users/Owner/Documents/Unreal Projects/SubstationNine/Content/Widgets/Interact_WBP.uexp" 545
"C:/Users/Owner/Documents/Unreal Projects/SubstationNine/Content/Input/Interact_BPI.uasset" 546
"C:/Users/Owner/Documents/Unreal Projects/SubstationNine/Content/Input/Interact_BPI.uexp" 547
"C:/Users/Owner/Documents/Unreal Projects/SubstationNine/Content/Testing/Interactable_BP.uasset" 548
"C:/Users/Owner/Documents/Unreal Projects/SubstationNine/Content/Testing/Interactable_BP.uexp" 549
"C:/Users/Owner/Documents/Unreal Projects/SubstationNine/Content/Mats/Sofa_MAT.uasset" 550
"C:/Users/Owner/Documents/Unreal Projects/SubstationNine/Content/Mats/Sofa_MAT.uexp" 551
"../../../Engine/Content/Functions/Engine_MaterialFunctions01/Gradient/LinearGradient.uasset" 552
"../../../Engine/Content/Functions/Engine_MaterialFunctions01/Gradient/LinearGradient.uexp" 553
"../../../Engine/Content/Functions/Engine_MaterialFunctions01/ImageAdjustment/CheapContrast.uasset" 554
"../../../Engine/Content/Functions/Engine_MaterialFunctions01/ImageAdjustment/CheapContrast.uexp" 555
"../../../Engine/Content/Functions/Engine_MaterialFunctions01/Texturing/WorldAlignedTexture.uasset" 556
"../../../Engine/Content/Functions/Engine_MaterialFunctions01/Texturing/WorldAlignedTexture.uexp" 557
"C:/Users/Owner/Documents/Unreal Projects/SubstationNine/Content/Art/Textures/Level_Eleven_Games_Sci-Fi_Texture_Pack_v1/Panel-001-2_Base-001.uasset" 558
"C:/Users/Owner/Documents/Unreal Projects/SubstationNine/Content/Art/Textures/Level_Eleven_Games_Sci-Fi_Texture_Pack_v1/Panel-001-2_Base-001.uexp" 559
"C:/Users/Owner/Documents/Unreal Projects/SubstationNine/Content/Mats/floor_MAT.uasset" 560
"C:/Users/Owner/Documents/Unreal Projects/SubstationNine/Content/Mats/floor_MAT.uexp" 561
"C:/Users/Owner/Documents/Unreal Projects/SubstationNine/Content/Art/Textures/Level_Eleven_Games_Sci-Fi_Texture_Pack_v1/CorrugatedMetalPanel-01V_64.uasset" 562
"C:/Users/Owner/Documents/Unreal Projects/SubstationNine/Content/Art/Textures/Level_Eleven_Games_Sci-Fi_Texture_Pack_v1/CorrugatedMetalPanel-01V_64.uexp" 563
"C:/Users/Owner/Documents/Unreal Projects/SubstationNine/Content/Mats/Ceiling_MAT.uasset" 564
"C:/Users/Owner/Documents/Unreal Projects/SubstationNine/Content/Mats/Ceiling_MAT.uexp" 565
"../../../Engine/Plugins/2D/Paper2D/Content/PlaceholderTextures/FlatNormalMap.uasset" 566
"../../../Engine/Plugins/2D/Paper2D/Content/PlaceholderTextures/FlatNormalMap.uexp" 567
"../../../Engine/Plugins/2D/Paper2D/Content/DefaultLitSpriteMaterial.uasset" 568
"../../../Engine/Plugins/2D/Paper2D/Content/DefaultLitSpriteMaterial.uexp" 569
"../../../Engine/Plugins/2D/Paper2D/Content/MaskedLitSpriteMaterial.uasset" 570
"../../../Engine/Plugins/2D/Paper2D/Content/MaskedLitSpriteMaterial.uexp" 571
"C:/Users/Owner/Documents/Unreal Projects/SubstationNine/Content/Art/EnemyArt/enemy1.uasset" 572
"C:/Users/Owner/Documents/Unreal Projects/SubstationNine/Content/Art/EnemyArt/enemy1.uexp" 573
"C:/Users/Owner/Documents/Unreal Projects/SubstationNine/Content/Art/EnemyArt/enemy1_Sprite.uasset" 574
"C:/Users/Owner/Documents/Unreal Projects/SubstationNine/Content/Art/EnemyArt/enemy1_Sprite.uexp" 575
"C:/Users/Owner/Documents/Unreal Projects/SubstationNine/Content/Art/EnemyArt/Enemy_FWD.uasset" 576
"C:/Users/Owner/Documents/Unreal Projects/SubstationNine/Content/Art/EnemyArt/Enemy_FWD.uexp" 577
"C:/Users/Owner/Documents/Unreal Projects/SubstationNine/Content/Art/EnemyArt/enemy1_attack.uasset" 578
"C:/Users/Owner/Documents/Unreal Projects/SubstationNine/Content/Art/EnemyArt/enemy1_attack.uexp" 579
"C:/Users/Owner/Documents/Unreal Projects/SubstationNine/Content/Art/EnemyArt/enemy1_attack_Sprite.uasset" 580
"C:/Users/Owner/Documents/Unreal Projects/SubstationNine/Content/Art/EnemyArt/enemy1_attack_Sprite.uexp" 581
"C:/Users/Owner/Documents/Unreal Projects/SubstationNine/Content/Art/EnemyArt/Enemy_attack.uasset" 582
"C:/Users/Owner/Documents/Unreal Projects/SubstationNine/Content/Art/EnemyArt/Enemy_attack.uexp" 583
"C:/Users/Owner/Documents/Unreal Projects/SubstationNine/Content/DAs/Enemy_PDA.uasset" 584
"C:/Users/Owner/Documents/Unreal Projects/SubstationNine/Content/DAs/Enemy_PDA.uexp" 585
"C:/Users/Owner/Documents/Unreal Projects/SubstationNine/Content/Audio/Wavs/enemyDamage04.ubulk" 586
"C:/Users/Owner/Documents/Unreal Projects/SubstationNine/Content/Audio/Wavs/enemyDamage04.uasset" 587
"C:/Users/Owner/Documents/Unreal Projects/SubstationNine/Content/Audio/Wavs/enemyDamage04.uexp" 588
"C:/Users/Owner/Documents/Unreal Projects/SubstationNine/Content/Audio/Wavs/enemyDamage03.ubulk" 589
"C:/Users/Owner/Documents/Unreal Projects/SubstationNine/Content/Audio/Wavs/enemyDamage03.uasset" 590
"C:/Users/Owner/Documents/Unreal Projects/SubstationNine/Content/Audio/Wavs/enemyDamage03.uexp" 591
"C:/Users/Owner/Documents/Unreal Projects/SubstationNine/Content/Audio/Wavs/enemyDamage02.ubulk" 592
"C:/Users/Owner/Documents/Unreal Projects/SubstationNine/Content/Audio/Wavs/enemyDamage02.uasset" 593
"C:/Users/Owner/Documents/Unreal Projects/SubstationNine/Content/Audio/Wavs/enemyDamage02.uexp" 594
"C:/Users/Owner/Documents/Unreal Projects/SubstationNine/Content/Audio/Wavs/enemyDamage01.ubulk" 595
"C:/Users/Owner/Documents/Unreal Projects/SubstationNine/Content/Audio/Wavs/enemyDamage01.uasset" 596
"C:/Users/Owner/Documents/Unreal Projects/SubstationNine/Content/Audio/Wavs/enemyDamage01.uexp" 597
"C:/Users/Owner/Documents/Unreal Projects/SubstationNine/Content/Audio/Cues/enemyDamage_Cue.uasset" 598
"C:/Users/Owner/Documents/Unreal Projects/SubstationNine/Content/Audio/Cues/enemyDamage_Cue.uexp" 599
"C:/Users/Owner/Documents/Unreal Projects/SubstationNine/Content/Audio/Wavs/EnemyDeath.ubulk" 600
"C:/Users/Owner/Documents/Unreal Projects/SubstationNine/Content/Audio/Wavs/EnemyDeath.uasset" 601
"C:/Users/Owner/Documents/Unreal Projects/SubstationNine/Content/Audio/Wavs/EnemyDeath.uexp" 602
"C:/Users/Owner/Documents/Unreal Projects/SubstationNine/Content/Audio/Cues/EnemyDeath_Cue.uasset" 603
"C:/Users/Owner/Documents/Unreal Projects/SubstationNine/Content/Audio/Cues/EnemyDeath_Cue.uexp" 604
"C:/Users/Owner/Documents/Unreal Projects/SubstationNine/Content/Audio/Wavs/playerDamage03.ubulk" 605
"C:/Users/Owner/Documents/Unreal Projects/SubstationNine/Content/Audio/Wavs/playerDamage03.uasset" 606
"C:/Users/Owner/Documents/Unreal Projects/SubstationNine/Content/Audio/Wavs/playerDamage03.uexp" 607
"C:/Users/Owner/Documents/Unreal Projects/SubstationNine/Content/Audio/Wavs/playerDamage02.ubulk" 608
"C:/Users/Owner/Documents/Unreal Projects/SubstationNine/Content/Audio/Wavs/playerDamage02.uasset" 609
"C:/Users/Owner/Documents/Unreal Projects/SubstationNine/Content/Audio/Wavs/playerDamage02.uexp" 610
"C:/Users/Owner/Documents/Unreal Projects/SubstationNine/Content/Audio/Wavs/playerDamage01.ubulk" 611
"C:/Users/Owner/Documents/Unreal Projects/SubstationNine/Content/Audio/Wavs/playerDamage01.uasset" 612
"C:/Users/Owner/Documents/Unreal Projects/SubstationNine/Content/Audio/Wavs/playerDamage01.uexp" 613
"C:/Users/Owner/Documents/Unreal Projects/SubstationNine/Content/Audio/Cues/playerDamage_Cue.uasset" 614
"C:/Users/Owner/Documents/Unreal Projects/SubstationNine/Content/Audio/Cues/playerDamage_Cue.uexp" 615
"C:/Users/Owner/Documents/Unreal Projects/SubstationNine/Content/DAs/TestEnemy_DA.uasset" 616
"C:/Users/Owner/Documents/Unreal Projects/SubstationNine/Content/DAs/TestEnemy_DA.uexp" 617
"C:/Users/Owner/Documents/Unreal Projects/SubstationNine/Content/Audio/Wavs/enemyIdle03.ubulk" 618
"C:/Users/Owner/Documents/Unreal Projects/SubstationNine/Content/Audio/Wavs/enemyIdle03.uasset" 619
"C:/Users/Owner/Documents/Unreal Projects/SubstationNine/Content/Audio/Wavs/enemyIdle03.uexp" 620
"C:/Users/Owner/Documents/Unreal Projects/SubstationNine/Content/Audio/Wavs/enemyIdle02.ubulk" 621
"C:/Users/Owner/Documents/Unreal Projects/SubstationNine/Content/Audio/Wavs/enemyIdle02.uasset" 622
"C:/Users/Owner/Documents/Unreal Projects/SubstationNine/Content/Audio/Wavs/enemyIdle02.uexp" 623
"C:/Users/Owner/Documents/Unreal Projects/SubstationNine/Content/Audio/Wavs/enemyIdle01.ubulk" 624
"C:/Users/Owner/Documents/Unreal Projects/SubstationNine/Content/Audio/Wavs/enemyIdle01.uasset" 625
"C:/Users/Owner/Documents/Unreal Projects/SubstationNine/Content/Audio/Wavs/enemyIdle01.uexp" 626
"C:/Users/Owner/Documents/Unreal Projects/SubstationNine/Content/Audio/Cues/enemyIdle_Cue.uasset" 627
"C:/Users/Owner/Documents/Unreal Projects/SubstationNine/Content/Audio/Cues/enemyIdle_Cue.uexp" 628
"C:/Users/Owner/Documents/Unreal Projects/SubstationNine/Content/Art/EnemyArt/enemy1_death1.uasset" 629
"C:/Users/Owner/Documents/Unreal Projects/SubstationNine/Content/Art/EnemyArt/enemy1_death1.uexp" 630
"C:/Users/Owner/Documents/Unreal Projects/SubstationNine/Content/Art/EnemyArt/enemy1_death1_Sprite.uasset" 631
"C:/Users/Owner/Documents/Unreal Projects/SubstationNine/Content/Art/EnemyArt/enemy1_death1_Sprite.uexp" 632
"C:/Users/Owner/Documents/Unreal Projects/SubstationNine/Content/Art/EnemyArt/enemy1_death.uasset" 633
"C:/Users/Owner/Documents/Unreal Projects/SubstationNine/Content/Art/EnemyArt/enemy1_death.uexp" 634
"C:/Users/Owner/Documents/Unreal Projects/SubstationNine/Content/BPs/Enemy_BP.uasset" 635
"C:/Users/Owner/Documents/Unreal Projects/SubstationNine/Content/BPs/Enemy_BP.uexp" 636
"../../../Engine/Content/Engine_MI_Shaders/T_Normal.uasset" 637
"../../../Engine/Content/Engine_MI_Shaders/T_Normal.uexp" 638
"../../../Engine/Content/EngineResources/WhiteSquareTexture.uasset" 639
"../../../Engine/Content/EngineResources/WhiteSquareTexture.uexp" 640
"../../../Engine/Content/MaterialTemplates/LayerBlends/T_DefaultMaskTexture.uasset" 641
"../../../Engine/Content/MaterialTemplates/LayerBlends/T_DefaultMaskTexture.uexp" 642
"C:/Users/Owner/Documents/Unreal Projects/SubstationNine/Content/Weapons/Rifle/Materials/M_Weapon.uasset" 643
"C:/Users/Owner/Documents/Unreal Projects/SubstationNine/Content/Weapons/Rifle/Materials/M_Weapon.uexp" 644
"C:/Users/Owner/Documents/Unreal Projects/SubstationNine/Content/Weapons/Pistol/Textures/T_Pistol_N.ubulk" 645
"C:/Users/Owner/Documents/Unreal Projects/SubstationNine/Content/Weapons/Pistol/Textures/T_Pistol_N.uasset" 646
"C:/Users/Owner/Documents/Unreal Projects/SubstationNine/Content/Weapons/Pistol/Textures/T_Pistol_N.uexp" 647
"C:/Users/Owner/Documents/Unreal Projects/SubstationNine/Content/Weapons/Pistol/Textures/T_Pistol_Masks.ubulk" 648
"C:/Users/Owner/Documents/Unreal Projects/SubstationNine/Content/Weapons/Pistol/Textures/T_Pistol_Masks.uasset" 649
"C:/Users/Owner/Documents/Unreal Projects/SubstationNine/Content/Weapons/Pistol/Textures/T_Pistol_Masks.uexp" 650
"C:/Users/Owner/Documents/Unreal Projects/SubstationNine/Content/Weapons/Pistol/Textures/T_Pistol_D.ubulk" 651
"C:/Users/Owner/Documents/Unreal Projects/SubstationNine/Content/Weapons/Pistol/Textures/T_Pistol_D.uasset" 652
"C:/Users/Owner/Documents/Unreal Projects/SubstationNine/Content/Weapons/Pistol/Textures/T_Pistol_D.uexp" 653
"C:/Users/Owner/Documents/Unreal Projects/SubstationNine/Content/Weapons/Pistol/Textures/T_Pistol_AORM.ubulk" 654
"C:/Users/Owner/Documents/Unreal Projects/SubstationNine/Content/Weapons/Pistol/Textures/T_Pistol_AORM.uasset" 655
"C:/Users/Owner/Documents/Unreal Projects/SubstationNine/Content/Weapons/Pistol/Textures/T_Pistol_AORM.uexp" 656
"C:/Users/Owner/Documents/Unreal Projects/SubstationNine/Content/Weapons/Pistol/Materials/MI_Weapon_Pistol.uasset" 657
"C:/Users/Owner/Documents/Unreal Projects/SubstationNine/Content/Weapons/Pistol/Materials/MI_Weapon_Pistol.uexp" 658
"C:/Users/Owner/Documents/Unreal Projects/SubstationNine/Content/Weapons/Pistol/Meshes/SM_Pistol.ubulk" 659
"C:/Users/Owner/Documents/Unreal Projects/SubstationNine/Content/Weapons/Pistol/Meshes/SM_Pistol.uasset" 660
"C:/Users/Owner/Documents/Unreal Projects/SubstationNine/Content/Weapons/Pistol/Meshes/SM_Pistol.uexp" 661
"C:/Users/Owner/Documents/Unreal Projects/SubstationNine/Content/Input/Touch/BPI_TouchInterface.uasset" 662
"C:/Users/Owner/Documents/Unreal Projects/SubstationNine/Content/Input/Touch/BPI_TouchInterface.uexp" 663
"C:/Users/Owner/Documents/Unreal Projects/SubstationNine/Content/Characters/Mannequins/Meshes/SK_Mannequin.uasset" 664
"C:/Users/Owner/Documents/Unreal Projects/SubstationNine/Content/Characters/Mannequins/Meshes/SK_Mannequin.uexp" 665
"C:/Users/Owner/Documents/Unreal Projects/SubstationNine/Content/Characters/Mannequins/Rigs/PA_Mannequin.uasset" 666
"C:/Users/Owner/Documents/Unreal Projects/SubstationNine/Content/Characters/Mannequins/Rigs/PA_Mannequin.uexp" 667
"C:/Users/Owner/Documents/Unreal Projects/SubstationNine/Content/Characters/Mannequins/Textures/Manny/T_Manny_01_MRA.ubulk" 668
"C:/Users/Owner/Documents/Unreal Projects/SubstationNine/Content/Characters/Mannequins/Textures/Manny/T_Manny_01_MRA.uasset" 669
"C:/Users/Owner/Documents/Unreal Projects/SubstationNine/Content/Characters/Mannequins/Textures/Manny/T_Manny_01_MRA.uexp" 670
"C:/Users/Owner/Documents/Unreal Projects/SubstationNine/Content/Characters/Mannequins/Textures/Manny/T_Manny_01_D.ubulk" 671
"C:/Users/Owner/Documents/Unreal Projects/SubstationNine/Content/Characters/Mannequins/Textures/Manny/T_Manny_01_D.uasset" 672
"C:/Users/Owner/Documents/Unreal Projects/SubstationNine/Content/Characters/Mannequins/Textures/Manny/T_Manny_01_D.uexp" 673
"C:/Users/Owner/Documents/Unreal Projects/SubstationNine/Content/Characters/Mannequins/Textures/Manny/T_Manny_01_BN.ubulk" 674
"C:/Users/Owner/Documents/Unreal Projects/SubstationNine/Content/Characters/Mannequins/Textures/Manny/T_Manny_01_BN.uasset" 675
"C:/Users/Owner/Documents/Unreal Projects/SubstationNine/Content/Characters/Mannequins/Textures/Manny/T_Manny_01_BN.uexp" 676
"C:/Users/Owner/Documents/Unreal Projects/SubstationNine/Content/Characters/Mannequins/Textures/Shared/T_UE_Logo_M.uasset" 677
"C:/Users/Owner/Documents/Unreal Projects/SubstationNine/Content/Characters/Mannequins/Textures/Shared/T_UE_Logo_M.uexp" 678
"C:/Users/Owner/Documents/Unreal Projects/SubstationNine/Content/Characters/Mannequins/Materials/M_Mannequin.uasset" 679
"C:/Users/Owner/Documents/Unreal Projects/SubstationNine/Content/Characters/Mannequins/Materials/M_Mannequin.uexp" 680
"C:/Users/Owner/Documents/Unreal Projects/SubstationNine/Content/Characters/Mannequins/Materials/Manny/MI_Manny_01_New.uasset" 681
"C:/Users/Owner/Documents/Unreal Projects/SubstationNine/Content/Characters/Mannequins/Materials/Manny/MI_Manny_01_New.uexp" 682
"C:/Users/Owner/Documents/Unreal Projects/SubstationNine/Content/Characters/Mannequins/Textures/Manny/T_Manny_02_MRA.ubulk" 683
"C:/Users/Owner/Documents/Unreal Projects/SubstationNine/Content/Characters/Mannequins/Textures/Manny/T_Manny_02_MRA.uasset" 684
"C:/Users/Owner/Documents/Unreal Projects/SubstationNine/Content/Characters/Mannequins/Textures/Manny/T_Manny_02_MRA.uexp" 685
"C:/Users/Owner/Documents/Unreal Projects/SubstationNine/Content/Characters/Mannequins/Textures/Manny/T_Manny_02_D.ubulk" 686
"C:/Users/Owner/Documents/Unreal Projects/SubstationNine/Content/Characters/Mannequins/Textures/Manny/T_Manny_02_D.uasset" 687
"C:/Users/Owner/Documents/Unreal Projects/SubstationNine/Content/Characters/Mannequins/Textures/Manny/T_Manny_02_D.uexp" 688
"C:/Users/Owner/Documents/Unreal Projects/SubstationNine/Content/Characters/Mannequins/Textures/Manny/T_Manny_02_BN.ubulk" 689
"C:/Users/Owner/Documents/Unreal Projects/SubstationNine/Content/Characters/Mannequins/Textures/Manny/T_Manny_02_BN.uasset" 690
"C:/Users/Owner/Documents/Unreal Projects/SubstationNine/Content/Characters/Mannequins/Textures/Manny/T_Manny_02_BN.uexp" 691
"C:/Users/Owner/Documents/Unreal Projects/SubstationNine/Content/Characters/Mannequins/Materials/Manny/MI_Manny_02_New.uasset" 692
"C:/Users/Owner/Documents/Unreal Projects/SubstationNine/Content/Characters/Mannequins/Materials/Manny/MI_Manny_02_New.uexp" 693
"C:/Users/Owner/Documents/Unreal Projects/SubstationNine/Content/Characters/Mannequins/Meshes/SKM_Manny_Simple.uasset" 694
"C:/Users/Owner/Documents/Unreal Projects/SubstationNine/Content/Characters/Mannequins/Meshes/SKM_Manny_Simple.uexp" 695
"C:/Users/Owner/Documents/Unreal Projects/SubstationNine/Content/Input/Actions/IA_MouseLook.uasset" 696
"C:/Users/Owner/Documents/Unreal Projects/SubstationNine/Content/Input/Actions/IA_MouseLook.uexp" 697
"C:/Users/Owner/Documents/Unreal Projects/SubstationNine/Content/Input/Actions/IA_Jump.uasset" 698
"C:/Users/Owner/Documents/Unreal Projects/SubstationNine/Content/Input/Actions/IA_Jump.uexp" 699
"C:/Users/Owner/Documents/Unreal Projects/SubstationNine/Content/Input/Actions/IA_Look.uasset" 700
"C:/Users/Owner/Documents/Unreal Projects/SubstationNine/Content/Input/Actions/IA_Look.uexp" 701
"C:/Users/Owner/Documents/Unreal Projects/SubstationNine/Content/Input/Actions/IA_Move.uasset" 702
"C:/Users/Owner/Documents/Unreal Projects/SubstationNine/Content/Input/Actions/IA_Move.uexp" 703
"../../../Engine/Content/MobileResources/HUD/VirtualJoystick_Thumb.uasset" 704
"../../../Engine/Content/MobileResources/HUD/VirtualJoystick_Thumb.uexp" 705
"../../../Engine/Content/MobileResources/HUD/VirtualJoystick_Background.uasset" 706
"../../../Engine/Content/MobileResources/HUD/VirtualJoystick_Background.uexp" 707
"C:/Users/Owner/Documents/Unreal Projects/SubstationNine/Content/Input/Touch/UI_Thumbstick.uasset" 708
"C:/Users/Owner/Documents/Unreal Projects/SubstationNine/Content/Input/Touch/UI_Thumbstick.uexp" 709
"C:/Users/Owner/Documents/Unreal Projects/SubstationNine/Content/Input/Touch/UI_TouchSimple.uasset" 710
"C:/Users/Owner/Documents/Unreal Projects/SubstationNine/Content/Input/Touch/UI_TouchSimple.uexp" 711
"../../../Engine/Plugins/Animation/ControlRig/Content/Controls/DefaultGizmoLibraryNormalized.uasset" 712
"../../../Engine/Plugins/Animation/ControlRig/Content/Controls/DefaultGizmoLibraryNormalized.uexp" 713
"C:/Users/Owner/Documents/Unreal Projects/SubstationNine/Content/FirstPerson/Anims/CtrlRig_FPWarp.uasset" 714
"C:/Users/Owner/Documents/Unreal Projects/SubstationNine/Content/FirstPerson/Anims/CtrlRig_FPWarp.uexp" 715
"C:/Users/Owner/Documents/Unreal Projects/SubstationNine/Content/FirstPerson/Anims/ABP_FP_Copy.uasset" 716
"C:/Users/Owner/Documents/Unreal Projects/SubstationNine/Content/FirstPerson/Anims/ABP_FP_Copy.uexp" 717
"../../../Engine/Content/Animation/DefaultVariableFrameStrippingSettings.uasset" 718
"../../../Engine/Content/Animation/DefaultVariableFrameStrippingSettings.uexp" 719
"../../../Engine/Content/Animation/DefaultAnimCurveCompressionSettings.uasset" 720
"../../../Engine/Content/Animation/DefaultAnimCurveCompressionSettings.uexp" 721
"../../../Engine/Content/Animation/DefaultAnimBoneCompressionSettings.uasset" 722
"../../../Engine/Content/Animation/DefaultAnimBoneCompressionSettings.uexp" 723
"C:/Users/Owner/Documents/Unreal Projects/SubstationNine/Content/Characters/Mannequins/Anims/Unarmed/MM_Idle.uasset" 724
"C:/Users/Owner/Documents/Unreal Projects/SubstationNine/Content/Characters/Mannequins/Anims/Unarmed/MM_Idle.uexp" 725
"../../../Engine/Plugins/Animation/ACLPlugin/Content/ACLAnimCurveCompressionSettings.uasset" 726
"../../../Engine/Plugins/Animation/ACLPlugin/Content/ACLAnimCurveCompressionSettings.uexp" 727
"C:/Users/Owner/Documents/Unreal Projects/SubstationNine/Content/Characters/Mannequins/Anims/Unarmed/Walk/MF_Unarmed_Walk_Right.uasset" 728
"C:/Users/Owner/Documents/Unreal Projects/SubstationNine/Content/Characters/Mannequins/Anims/Unarmed/Walk/MF_Unarmed_Walk_Right.uexp" 729
"C:/Users/Owner/Documents/Unreal Projects/SubstationNine/Content/Characters/Mannequins/Anims/Unarmed/Walk/MF_Unarmed_Walk_Left.uasset" 730
"C:/Users/Owner/Documents/Unreal Projects/SubstationNine/Content/Characters/Mannequins/Anims/Unarmed/Walk/MF_Unarmed_Walk_Left.uexp" 731
"../../../Engine/Content/Animation/DefaultRecorderBoneCompression.uasset" 732
"../../../Engine/Content/Animation/DefaultRecorderBoneCompression.uexp" 733
"C:/Users/Owner/Documents/Unreal Projects/SubstationNine/Content/Characters/Mannequins/Anims/Unarmed/Walk/MF_Unarmed_Walk_Fwd_Right.uasset" 734
"C:/Users/Owner/Documents/Unreal Projects/SubstationNine/Content/Characters/Mannequins/Anims/Unarmed/Walk/MF_Unarmed_Walk_Fwd_Right.uexp" 735
"C:/Users/Owner/Documents/Unreal Projects/SubstationNine/Content/Characters/Mannequins/Anims/Unarmed/Walk/MF_Unarmed_Walk_Fwd_Left.uasset" 736
"C:/Users/Owner/Documents/Unreal Projects/SubstationNine/Content/Characters/Mannequins/Anims/Unarmed/Walk/MF_Unarmed_Walk_Fwd_Left.uexp" 737
"C:/Users/Owner/Documents/Unreal Projects/SubstationNine/Content/Characters/Mannequins/Anims/Unarmed/Walk/MF_Unarmed_Walk_Fwd.uasset" 738
"C:/Users/Owner/Documents/Unreal Projects/SubstationNine/Content/Characters/Mannequins/Anims/Unarmed/Walk/MF_Unarmed_Walk_Fwd.uexp" 739
"C:/Users/Owner/Documents/Unreal Projects/SubstationNine/Content/Characters/Mannequins/Anims/Unarmed/Walk/MF_Unarmed_Walk_Bwd_Right.uasset" 740
"C:/Users/Owner/Documents/Unreal Projects/SubstationNine/Content/Characters/Mannequins/Anims/Unarmed/Walk/MF_Unarmed_Walk_Bwd_Right.uexp" 741
"C:/Users/Owner/Documents/Unreal Projects/SubstationNine/Content/Characters/Mannequins/Anims/Unarmed/Walk/MF_Unarmed_Walk_Bwd_Left.uasset" 742
"C:/Users/Owner/Documents/Unreal Projects/SubstationNine/Content/Characters/Mannequins/Anims/Unarmed/Walk/MF_Unarmed_Walk_Bwd_Left.uexp" 743
"C:/Users/Owner/Documents/Unreal Projects/SubstationNine/Content/Characters/Mannequins/Anims/Unarmed/Walk/MF_Unarmed_Walk_Bwd.uasset" 744
"C:/Users/Owner/Documents/Unreal Projects/SubstationNine/Content/Characters/Mannequins/Anims/Unarmed/Walk/MF_Unarmed_Walk_Bwd.uexp" 745
"C:/Users/Owner/Documents/Unreal Projects/SubstationNine/Content/Characters/Mannequins/Anims/Unarmed/Jog/MF_Unarmed_Jog_Right.uasset" 746
"C:/Users/Owner/Documents/Unreal Projects/SubstationNine/Content/Characters/Mannequins/Anims/Unarmed/Jog/MF_Unarmed_Jog_Right.uexp" 747
"C:/Users/Owner/Documents/Unreal Projects/SubstationNine/Content/Characters/Mannequins/Anims/Unarmed/Jog/MF_Unarmed_Jog_Left.uasset" 748
"C:/Users/Owner/Documents/Unreal Projects/SubstationNine/Content/Characters/Mannequins/Anims/Unarmed/Jog/MF_Unarmed_Jog_Left.uexp" 749
"C:/Users/Owner/Documents/Unreal Projects/SubstationNine/Content/Characters/Mannequins/Anims/Unarmed/Jog/MF_Unarmed_Jog_Fwd_Right.uasset" 750
"C:/Users/Owner/Documents/Unreal Projects/SubstationNine/Content/Characters/Mannequins/Anims/Unarmed/Jog/MF_Unarmed_Jog_Fwd_Right.uexp" 751
"C:/Users/Owner/Documents/Unreal Projects/SubstationNine/Content/Characters/Mannequins/Anims/Unarmed/Jog/MF_Unarmed_Jog_Fwd_Left.uasset" 752
"C:/Users/Owner/Documents/Unreal Projects/SubstationNine/Content/Characters/Mannequins/Anims/Unarmed/Jog/MF_Unarmed_Jog_Fwd_Left.uexp" 753
"C:/Users/Owner/Documents/Unreal Projects/SubstationNine/Content/Characters/Mannequins/Anims/Unarmed/Jog/MF_Unarmed_Jog_Fwd.uasset" 754
"C:/Users/Owner/Documents/Unreal Projects/SubstationNine/Content/Characters/Mannequins/Anims/Unarmed/Jog/MF_Unarmed_Jog_Fwd.uexp" 755
"C:/Users/Owner/Documents/Unreal Projects/SubstationNine/Content/Characters/Mannequins/Anims/Unarmed/Jog/MF_Unarmed_Jog_Bwd_Right.uasset" 756
"C:/Users/Owner/Documents/Unreal Projects/SubstationNine/Content/Characters/Mannequins/Anims/Unarmed/Jog/MF_Unarmed_Jog_Bwd_Right.uexp" 757
"C:/Users/Owner/Documents/Unreal Projects/SubstationNine/Content/Characters/Mannequins/Anims/Unarmed/Jog/MF_Unarmed_Jog_Bwd_Left.uasset" 758
"C:/Users/Owner/Documents/Unreal Projects/SubstationNine/Content/Characters/Mannequins/Anims/Unarmed/Jog/MF_Unarmed_Jog_Bwd_Left.uexp" 759
"C:/Users/Owner/Documents/Unreal Projects/SubstationNine/Content/Characters/Mannequins/Anims/Unarmed/Jog/MF_Unarmed_Jog_Bwd.uasset" 760
"C:/Users/Owner/Documents/Unreal Projects/SubstationNine/Content/Characters/Mannequins/Anims/Unarmed/Jog/MF_Unarmed_Jog_Bwd.uexp" 761
"C:/Users/Owner/Documents/Unreal Projects/SubstationNine/Content/Characters/Mannequins/Anims/Unarmed/BS_Idle_Walk_Run.uasset" 762
"C:/Users/Owner/Documents/Unreal Projects/SubstationNine/Content/Characters/Mannequins/Anims/Unarmed/BS_Idle_Walk_Run.uexp" 763
"C:/Users/Owner/Documents/Unreal Projects/SubstationNine/Content/Characters/Mannequins/Anims/Unarmed/Jump/MM_Fall_Loop.uasset" 764
"C:/Users/Owner/Documents/Unreal Projects/SubstationNine/Content/Characters/Mannequins/Anims/Unarmed/Jump/MM_Fall_Loop.uexp" 765
"C:/Users/Owner/Documents/Unreal Projects/SubstationNine/Content/Characters/Mannequins/Anims/Unarmed/Jump/MM_Jump.uasset" 766
"C:/Users/Owner/Documents/Unreal Projects/SubstationNine/Content/Characters/Mannequins/Anims/Unarmed/Jump/MM_Jump.uexp" 767
"C:/Users/Owner/Documents/Unreal Projects/SubstationNine/Content/Characters/Mannequins/Anims/Unarmed/Jump/MM_Land.uasset" 768
"C:/Users/Owner/Documents/Unreal Projects/SubstationNine/Content/Characters/Mannequins/Anims/Unarmed/Jump/MM_Land.uexp" 769
"C:/Users/Owner/Documents/Unreal Projects/SubstationNine/Content/Characters/Mannequins/Rigs/CR_Mannequin_FootIK.uasset" 770
"C:/Users/Owner/Documents/Unreal Projects/SubstationNine/Content/Characters/Mannequins/Rigs/CR_Mannequin_FootIK.uexp" 771
"C:/Users/Owner/Documents/Unreal Projects/SubstationNine/Content/Characters/Mannequins/Anims/Unarmed/ABP_Unarmed.uasset" 772
"C:/Users/Owner/Documents/Unreal Projects/SubstationNine/Content/Characters/Mannequins/Anims/Unarmed/ABP_Unarmed.uexp" 773
"../../../Engine/Content/EngineSounds/Master.uasset" 774
"../../../Engine/Content/EngineSounds/Master.uexp" 775
"../../../Engine/Content/EngineSounds/Normal_Attack.uasset" 776
"../../../Engine/Content/EngineSounds/Normal_Attack.uexp" 777
"../../../Engine/Content/EngineSounds/Duck_Normal_Attack_MixMod.uasset" 778
"../../../Engine/Content/EngineSounds/Duck_Normal_Attack_MixMod.uexp" 779
"../../../Engine/Content/EngineSounds/Special_Attack_PSM.uasset" 780
"../../../Engine/Content/EngineSounds/Special_Attack_PSM.uexp" 781
"../../../Engine/Content/EngineSounds/SFX.uasset" 782
"../../../Engine/Content/EngineSounds/SFX.uexp" 783
"C:/Users/Owner/Documents/Unreal Projects/SubstationNine/Content/Audio/Wavs/playerStep_1.ubulk" 784
"C:/Users/Owner/Documents/Unreal Projects/SubstationNine/Content/Audio/Wavs/playerStep_1.uasset" 785
"C:/Users/Owner/Documents/Unreal Projects/SubstationNine/Content/Audio/Wavs/playerStep_1.uexp" 786
"C:/Users/Owner/Documents/Unreal Projects/SubstationNine/Content/Audio/Wavs/playerStep_2.ubulk" 787
"C:/Users/Owner/Documents/Unreal Projects/SubstationNine/Content/Audio/Wavs/playerStep_2.uasset" 788
"C:/Users/Owner/Documents/Unreal Projects/SubstationNine/Content/Audio/Wavs/playerStep_2.uexp" 789
"C:/Users/Owner/Documents/Unreal Projects/SubstationNine/Content/Audio/Wavs/playerStep_3.ubulk" 790
"C:/Users/Owner/Documents/Unreal Projects/SubstationNine/Content/Audio/Wavs/playerStep_3.uasset" 791
"C:/Users/Owner/Documents/Unreal Projects/SubstationNine/Content/Audio/Wavs/playerStep_3.uexp" 792
"C:/Users/Owner/Documents/Unreal Projects/SubstationNine/Content/Audio/Wavs/playerStep_4.ubulk" 793
"C:/Users/Owner/Documents/Unreal Projects/SubstationNine/Content/Audio/Wavs/playerStep_4.uasset" 794
"C:/Users/Owner/Documents/Unreal Projects/SubstationNine/Content/Audio/Wavs/playerStep_4.uexp" 795
"C:/Users/Owner/Documents/Unreal Projects/SubstationNine/Content/Audio/Wavs/playerStep_5.ubulk" 796
"C:/Users/Owner/Documents/Unreal Projects/SubstationNine/Content/Audio/Wavs/playerStep_5.uasset" 797
"C:/Users/Owner/Documents/Unreal Projects/SubstationNine/Content/Audio/Wavs/playerStep_5.uexp" 798
"C:/Users/Owner/Documents/Unreal Projects/SubstationNine/Content/Audio/Wavs/playerStep_6.ubulk" 799
"C:/Users/Owner/Documents/Unreal Projects/SubstationNine/Content/Audio/Wavs/playerStep_6.uasset" 800
"C:/Users/Owner/Documents/Unreal Projects/SubstationNine/Content/Audio/Wavs/playerStep_6.uexp" 801
"C:/Users/Owner/Documents/Unreal Projects/SubstationNine/Content/Audio/Wavs/playerStep_7.ubulk" 802
"C:/Users/Owner/Documents/Unreal Projects/SubstationNine/Content/Audio/Wavs/playerStep_7.uasset" 803
"C:/Users/Owner/Documents/Unreal Projects/SubstationNine/Content/Audio/Wavs/playerStep_7.uexp" 804
"C:/Users/Owner/Documents/Unreal Projects/SubstationNine/Content/Audio/Wavs/playerStep_8.ubulk" 805
"C:/Users/Owner/Documents/Unreal Projects/SubstationNine/Content/Audio/Wavs/playerStep_8.uasset" 806
"C:/Users/Owner/Documents/Unreal Projects/SubstationNine/Content/Audio/Wavs/playerStep_8.uexp" 807
"C:/Users/Owner/Documents/Unreal Projects/SubstationNine/Content/Audio/Wavs/playerStep_9.ubulk" 808
"C:/Users/Owner/Documents/Unreal Projects/SubstationNine/Content/Audio/Wavs/playerStep_9.uasset" 809
"C:/Users/Owner/Documents/Unreal Projects/SubstationNine/Content/Audio/Wavs/playerStep_9.uexp" 810
"C:/Users/Owner/Documents/Unreal Projects/SubstationNine/Content/Audio/Wavs/playerStep_9_Cue.uasset" 811
"C:/Users/Owner/Documents/Unreal Projects/SubstationNine/Content/Audio/Wavs/playerStep_9_Cue.uexp" 812
"C:/Users/Owner/Documents/Unreal Projects/SubstationNine/Content/FirstPerson/Blueprints/BP_FirstPersonCharacter.uasset" 813
"C:/Users/Owner/Documents/Unreal Projects/SubstationNine/Content/FirstPerson/Blueprints/BP_FirstPersonCharacter.uexp" 814
"C:/Users/Owner/Documents/Unreal Projects/SubstationNine/Content/Variant_Horror/Input/IA_Sprint.uasset" 815
"C:/Users/Owner/Documents/Unreal Projects/SubstationNine/Content/Variant_Horror/Input/IA_Sprint.uexp" 816
"C:/Users/Owner/Documents/Unreal Projects/SubstationNine/Content/Input/Actions/IA_Aim.uasset" 817
"C:/Users/Owner/Documents/Unreal Projects/SubstationNine/Content/Input/Actions/IA_Aim.uexp" 818
"C:/Users/Owner/Documents/Unreal Projects/SubstationNine/Content/Input/Actions/IA_Equip1.uasset" 819
"C:/Users/Owner/Documents/Unreal Projects/SubstationNine/Content/Input/Actions/IA_Equip1.uexp" 820
"C:/Users/Owner/Documents/Unreal Projects/SubstationNine/Content/Input/Actions/IA_Equip2.uasset" 821
"C:/Users/Owner/Documents/Unreal Projects/SubstationNine/Content/Input/Actions/IA_Equip2.uexp" 822
"C:/Users/Owner/Documents/Unreal Projects/SubstationNine/Content/Input/Actions/IA_Fire.uasset" 823
"C:/Users/Owner/Documents/Unreal Projects/SubstationNine/Content/Input/Actions/IA_Fire.uexp" 824
"C:/Users/Owner/Documents/Unreal Projects/SubstationNine/Content/Input/Actions/IA_Interact.uasset" 825
"C:/Users/Owner/Documents/Unreal Projects/SubstationNine/Content/Input/Actions/IA_Interact.uexp" 826
"C:/Users/Owner/Documents/Unreal Projects/SubstationNine/Content/Input/Actions/IA_PDA.uasset" 827
"C:/Users/Owner/Documents/Unreal Projects/SubstationNine/Content/Input/Actions/IA_PDA.uexp" 828
"C:/Users/Owner/Documents/Unreal Projects/SubstationNine/Content/Input/Actions/IA_Exit.uasset" 829
"C:/Users/Owner/Documents/Unreal Projects/SubstationNine/Content/Input/Actions/IA_Exit.uexp" 830
"C:/Users/Owner/Documents/Unreal Projects/SubstationNine/Content/Input/Actions/IA_Pause.uasset" 831
"C:/Users/Owner/Documents/Unreal Projects/SubstationNine/Content/Input/Actions/IA_Pause.uexp" 832
"C:/Users/Owner/Documents/Unreal Projects/SubstationNine/Content/Input/Actions/IA_Light.uasset" 833
"C:/Users/Owner/Documents/Unreal Projects/SubstationNine/Content/Input/Actions/IA_Light.uexp" 834
"C:/Users/Owner/Documents/Unreal Projects/SubstationNine/Content/Input/Actions/IA_Reload.uasset" 835
"C:/Users/Owner/Documents/Unreal Projects/SubstationNine/Content/Input/Actions/IA_Reload.uexp" 836
"C:/Users/Owner/Documents/Unreal Projects/SubstationNine/Content/FirstPerson/_GENERATED/Owner/Flashlight_SM.ubulk" 837
"C:/Users/Owner/Documents/Unreal Projects/SubstationNine/Content/FirstPerson/_GENERATED/Owner/Flashlight_SM.uasset" 838
"C:/Users/Owner/Documents/Unreal Projects/SubstationNine/Content/FirstPerson/_GENERATED/Owner/Flashlight_SM.uexp" 839
"C:/Users/Owner/Documents/Unreal Projects/SubstationNine/Content/DAs/Weapon_PDA.uasset" 840
"C:/Users/Owner/Documents/Unreal Projects/SubstationNine/Content/DAs/Weapon_PDA.uexp" 841
"C:/Users/Owner/Documents/Unreal Projects/SubstationNine/Content/DAs/Player_PDA.uasset" 842
"C:/Users/Owner/Documents/Unreal Projects/SubstationNine/Content/DAs/Player_PDA.uexp" 843
"C:/Users/Owner/Documents/Unreal Projects/SubstationNine/Content/DAs/Player_DA.uasset" 844
"C:/Users/Owner/Documents/Unreal Projects/SubstationNine/Content/DAs/Player_DA.uexp" 845
"C:/Users/Owner/Documents/Unreal Projects/SubstationNine/Content/Audio/Wavs/pistolShot05.ubulk" 846
"C:/Users/Owner/Documents/Unreal Projects/SubstationNine/Content/Audio/Wavs/pistolShot05.uasset" 847
"C:/Users/Owner/Documents/Unreal Projects/SubstationNine/Content/Audio/Wavs/pistolShot05.uexp" 848
"C:/Users/Owner/Documents/Unreal Projects/SubstationNine/Content/Audio/Wavs/pistolShot04.ubulk" 849
"C:/Users/Owner/Documents/Unreal Projects/SubstationNine/Content/Audio/Wavs/pistolShot04.uasset" 850
"C:/Users/Owner/Documents/Unreal Projects/SubstationNine/Content/Audio/Wavs/pistolShot04.uexp" 851
"C:/Users/Owner/Documents/Unreal Projects/SubstationNine/Content/Audio/Wavs/pistolShot03.ubulk" 852
"C:/Users/Owner/Documents/Unreal Projects/SubstationNine/Content/Audio/Wavs/pistolShot03.uasset" 853
"C:/Users/Owner/Documents/Unreal Projects/SubstationNine/Content/Audio/Wavs/pistolShot03.uexp" 854
"C:/Users/Owner/Documents/Unreal Projects/SubstationNine/Content/Audio/Wavs/pistolShot02.ubulk" 855
"C:/Users/Owner/Documents/Unreal Projects/SubstationNine/Content/Audio/Wavs/pistolShot02.uasset" 856
"C:/Users/Owner/Documents/Unreal Projects/SubstationNine/Content/Audio/Wavs/pistolShot02.uexp" 857
"C:/Users/Owner/Documents/Unreal Projects/SubstationNine/Content/Audio/Wavs/pistolShot01.ubulk" 858
"C:/Users/Owner/Documents/Unreal Projects/SubstationNine/Content/Audio/Wavs/pistolShot01.uasset" 859
"C:/Users/Owner/Documents/Unreal Projects/SubstationNine/Content/Audio/Wavs/pistolShot01.uexp" 860
"C:/Users/Owner/Documents/Unreal Projects/SubstationNine/Content/Audio/Cues/PistolFire_cue.uasset" 861
"C:/Users/Owner/Documents/Unreal Projects/SubstationNine/Content/Audio/Cues/PistolFire_cue.uexp" 862
"C:/Users/Owner/Documents/Unreal Projects/SubstationNine/Content/Audio/Wavs/PistolReload3_raw.ubulk" 863
"C:/Users/Owner/Documents/Unreal Projects/SubstationNine/Content/Audio/Wavs/PistolReload3_raw.uasset" 864
"C:/Users/Owner/Documents/Unreal Projects/SubstationNine/Content/Audio/Wavs/PistolReload3_raw.uexp" 865
"C:/Users/Owner/Documents/Unreal Projects/SubstationNine/Content/Audio/Wavs/PistolReload2_raw.ubulk" 866
"C:/Users/Owner/Documents/Unreal Projects/SubstationNine/Content/Audio/Wavs/PistolReload2_raw.uasset" 867
"C:/Users/Owner/Documents/Unreal Projects/SubstationNine/Content/Audio/Wavs/PistolReload2_raw.uexp" 868
"C:/Users/Owner/Documents/Unreal Projects/SubstationNine/Content/Audio/Wavs/PistolReload1_raw.ubulk" 869
"C:/Users/Owner/Documents/Unreal Projects/SubstationNine/Content/Audio/Wavs/PistolReload1_raw.uasset" 870
"C:/Users/Owner/Documents/Unreal Projects/SubstationNine/Content/Audio/Wavs/PistolReload1_raw.uexp" 871
"C:/Users/Owner/Documents/Unreal Projects/SubstationNine/Content/Audio/Cues/PistolReload_Cue.uasset" 872
"C:/Users/Owner/Documents/Unreal Projects/SubstationNine/Content/Audio/Cues/PistolReload_Cue.uexp" 873
"C:/Users/Owner/Documents/Unreal Projects/SubstationNine/Content/DAs/Pistol_DA.uasset" 874
"C:/Users/Owner/Documents/Unreal Projects/SubstationNine/Content/DAs/Pistol_DA.uexp" 875
"../../../Engine/Content/EngineSounds/1kSineTonePing.ubulk" 876
"../../../Engine/Content/EngineSounds/1kSineTonePing.uasset" 877
"../../../Engine/Content/EngineSounds/1kSineTonePing.uexp" 878
"C:/Users/Owner/Documents/Unreal Projects/SubstationNine/Content/Audio/Cues/placeholder_cue.uasset" 879
"C:/Users/Owner/Documents/Unreal Projects/SubstationNine/Content/Audio/Cues/placeholder_cue.uexp" 880
"C:/Users/Owner/Documents/Unreal Projects/SubstationNine/Content/Audio/Wavs/pistolDryFire04.ubulk" 881
"C:/Users/Owner/Documents/Unreal Projects/SubstationNine/Content/Audio/Wavs/pistolDryFire04.uasset" 882
"C:/Users/Owner/Documents/Unreal Projects/SubstationNine/Content/Audio/Wavs/pistolDryFire04.uexp" 883
"C:/Users/Owner/Documents/Unreal Projects/SubstationNine/Content/Audio/Wavs/pistolDryFire03.ubulk" 884
"C:/Users/Owner/Documents/Unreal Projects/SubstationNine/Content/Audio/Wavs/pistolDryFire03.uasset" 885
"C:/Users/Owner/Documents/Unreal Projects/SubstationNine/Content/Audio/Wavs/pistolDryFire03.uexp" 886
"C:/Users/Owner/Documents/Unreal Projects/SubstationNine/Content/Audio/Wavs/pistolDryFire02.ubulk" 887
"C:/Users/Owner/Documents/Unreal Projects/SubstationNine/Content/Audio/Wavs/pistolDryFire02.uasset" 888
"C:/Users/Owner/Documents/Unreal Projects/SubstationNine/Content/Audio/Wavs/pistolDryFire02.uexp" 889
"C:/Users/Owner/Documents/Unreal Projects/SubstationNine/Content/Audio/Wavs/pistolDryFire01.ubulk" 890
"C:/Users/Owner/Documents/Unreal Projects/SubstationNine/Content/Audio/Wavs/pistolDryFire01.uasset" 891
"C:/Users/Owner/Documents/Unreal Projects/SubstationNine/Content/Audio/Wavs/pistolDryFire01.uexp" 892
"C:/Users/Owner/Documents/Unreal Projects/SubstationNine/Content/Audio/Cues/pistolDryFire_Cue.uasset" 893
"C:/Users/Owner/Documents/Unreal Projects/SubstationNine/Content/Audio/Cues/pistolDryFire_Cue.uexp" 894
"C:/Users/Owner/Documents/Unreal Projects/SubstationNine/Content/Audio/Wavs/lowOx.ubulk" 895
"C:/Users/Owner/Documents/Unreal Projects/SubstationNine/Content/Audio/Wavs/lowOx.uasset" 896
"C:/Users/Owner/Documents/Unreal Projects/SubstationNine/Content/Audio/Wavs/lowOx.uexp" 897
"C:/Users/Owner/Documents/Unreal Projects/SubstationNine/Content/Audio/Cues/lowOx_Cue.uasset" 898
"C:/Users/Owner/Documents/Unreal Projects/SubstationNine/Content/Audio/Cues/lowOx_Cue.uexp" 899
"C:/Users/Owner/Documents/Unreal Projects/SubstationNine/Content/Audio/Wavs/loseTheme.ubulk" 900
"C:/Users/Owner/Documents/Unreal Projects/SubstationNine/Content/Audio/Wavs/loseTheme.uasset" 901
"C:/Users/Owner/Documents/Unreal Projects/SubstationNine/Content/Audio/Wavs/loseTheme.uexp" 902
"C:/Users/Owner/Documents/Unreal Projects/SubstationNine/Content/Audio/Cues/loseTheme_Cue.uasset" 903
"C:/Users/Owner/Documents/Unreal Projects/SubstationNine/Content/Audio/Cues/loseTheme_Cue.uexp" 904
"C:/Users/Owner/Documents/Unreal Projects/SubstationNine/Content/BPs/Entries_Component.uasset" 905
"C:/Users/Owner/Documents/Unreal Projects/SubstationNine/Content/BPs/Entries_Component.uexp" 906
"C:/Users/Owner/Documents/Unreal Projects/SubstationNine/Content/Widgets/widget_assets/Handjet-VariableFont_ELGR_ELSH_wght.uexp" 907
"C:/Users/Owner/Documents/Unreal Projects/SubstationNine/Content/Widgets/widget_assets/Handjet-VariableFont_ELGR_ELSH_wght.uasset" 908
"C:/Users/Owner/Documents/Unreal Projects/SubstationNine/Content/Widgets/widget_assets/Handjet-VariableFont_ELGR_ELSH_wght.ufont" 909
"C:/Users/Owner/Documents/Unreal Projects/SubstationNine/Content/Widgets/widget_assets/Handjet-VariableFont_ELGR_ELSH_wght_Font.uasset" 910
"C:/Users/Owner/Documents/Unreal Projects/SubstationNine/Content/Widgets/widget_assets/Handjet-VariableFont_ELGR_ELSH_wght_Font.uexp" 911
"C:/Users/Owner/Documents/Unreal Projects/SubstationNine/Content/Widgets/Player_UI.uasset" 912
"C:/Users/Owner/Documents/Unreal Projects/SubstationNine/Content/Widgets/Player_UI.uexp" 913
"../../../Engine/Content/EngineFonts/Faces/DroidSansMono.uexp" 914
"../../../Engine/Content/EngineFonts/Faces/DroidSansMono.uasset" 915
"../../../Engine/Content/EngineFonts/Faces/DroidSansMono.ufont" 916
"../../../Engine/Content/EngineFonts/DroidSansMono.uasset" 917
"../../../Engine/Content/EngineFonts/DroidSansMono.uexp" 918
"C:/Users/Owner/Documents/Unreal Projects/SubstationNine/Content/Widgets/widget_assets/button_template.uasset" 919
"C:/Users/Owner/Documents/Unreal Projects/SubstationNine/Content/Widgets/widget_assets/button_template.uexp" 920
"C:/Users/Owner/Documents/Unreal Projects/SubstationNine/Content/Widgets/widget_assets/button_template_Sprite_0.uasset" 921
"C:/Users/Owner/Documents/Unreal Projects/SubstationNine/Content/Widgets/widget_assets/button_template_Sprite_0.uexp" 922
"C:/Users/Owner/Documents/Unreal Projects/SubstationNine/Content/Widgets/widget_assets/button_template_Sprite_1.uasset" 923
"C:/Users/Owner/Documents/Unreal Projects/SubstationNine/Content/Widgets/widget_assets/button_template_Sprite_1.uexp" 924
"C:/Users/Owner/Documents/Unreal Projects/SubstationNine/Content/Widgets/widget_assets/button_template_Sprite_2.uasset" 925
"C:/Users/Owner/Documents/Unreal Projects/SubstationNine/Content/Widgets/widget_assets/button_template_Sprite_2.uexp" 926
"C:/Users/Owner/Documents/Unreal Projects/SubstationNine/Content/Widgets/PDA_WBP.uasset" 927
"C:/Users/Owner/Documents/Unreal Projects/SubstationNine/Content/Widgets/PDA_WBP.uexp" 928
"C:/Users/Owner/Documents/Unreal Projects/SubstationNine/Content/Widgets/PauseMenu_WBP.uasset" 929
"C:/Users/Owner/Documents/Unreal Projects/SubstationNine/Content/Widgets/PauseMenu_WBP.uexp" 930
"C:/Users/Owner/Documents/Unreal Projects/SubstationNine/Content/Widgets/PainOverlay_WbP.uasset" 931
"C:/Users/Owner/Documents/Unreal Projects/SubstationNine/Content/Widgets/PainOverlay_WbP.uexp" 932
"C:/Users/Owner/Documents/Unreal Projects/SubstationNine/Content/Widgets/LoseMenu_WBP.uasset" 933
"C:/Users/Owner/Documents/Unreal Projects/SubstationNine/Content/Widgets/LoseMenu_WBP.uexp" 934
"C:/Users/Owner/Documents/Unreal Projects/SubstationNine/Content/Widgets/widget_assets/playerHelmetint.uasset" 935
"C:/Users/Owner/Documents/Unreal Projects/SubstationNine/Content/Widgets/widget_assets/playerHelmetint.uexp" 936
"C:/Users/Owner/Documents/Unreal Projects/SubstationNine/Content/Widgets/HelmetOverlay_WBP.uasset" 937
"C:/Users/Owner/Documents/Unreal Projects/SubstationNine/Content/Widgets/HelmetOverlay_WBP.uexp" 938
"C:/Users/Owner/Documents/Unreal Projects/SubstationNine/Content/Widgets/widget_assets/pistol_icon.uasset" 939
"C:/Users/Owner/Documents/Unreal Projects/SubstationNine/Content/Widgets/widget_assets/pistol_icon.uexp" 940
"C:/Users/Owner/Documents/Unreal Projects/SubstationNine/Content/Widgets/Ammo_UI.uasset" 941
"C:/Users/Owner/Documents/Unreal Projects/SubstationNine/Content/Widgets/Ammo_UI.uexp" 942
"../../../Engine/Content/MapTemplates/Materials/BasicAsset03.uasset" 943
"../../../Engine/Content/MapTemplates/Materials/BasicAsset03.uexp" 944
"../../../Engine/Plugins/FX/Niagara/Content/DefaultAssets/DefaultSpriteMaterial.uasset" 945
"../../../Engine/Plugins/FX/Niagara/Content/DefaultAssets/DefaultSpriteMaterial.uexp" 946
"C:/Users/Owner/Documents/Unreal Projects/SubstationNine/Content/Audio/Wavs/airHiss.ubulk" 947
"C:/Users/Owner/Documents/Unreal Projects/SubstationNine/Content/Audio/Wavs/airHiss.uasset" 948
"C:/Users/Owner/Documents/Unreal Projects/SubstationNine/Content/Audio/Wavs/airHiss.uexp" 949
"C:/Users/Owner/Documents/Unreal Projects/SubstationNine/Content/Audio/Wavs/airHiss_Cue.uasset" 950
"C:/Users/Owner/Documents/Unreal Projects/SubstationNine/Content/Audio/Wavs/airHiss_Cue.uexp" 951
"C:/Users/Owner/Documents/Unreal Projects/SubstationNine/Content/VFX/GasLeak_VFX.uasset" 952
"C:/Users/Owner/Documents/Unreal Projects/SubstationNine/Content/VFX/GasLeak_VFX.uexp" 953
"C:/Users/Owner/Documents/Unreal Projects/SubstationNine/Content/Art/Textures/Level_Eleven_Games_Sci-Fi_Texture_Pack_v1/MetalPanel-01V_64.uasset" 954
"C:/Users/Owner/Documents/Unreal Projects/SubstationNine/Content/Art/Textures/Level_Eleven_Games_Sci-Fi_Texture_Pack_v1/MetalPanel-01V_64.uexp" 955
"C:/Users/Owner/Documents/Unreal Projects/SubstationNine/Content/Mats/Door_MAT.uasset" 956
"C:/Users/Owner/Documents/Unreal Projects/SubstationNine/Content/Mats/Door_MAT.uexp" 957
"C:/Users/Owner/Documents/Unreal Projects/SubstationNine/Content/Audio/Wavs/doorOpen.ubulk" 958
"C:/Users/Owner/Documents/Unreal Projects/SubstationNine/Content/Audio/Wavs/doorOpen.uasset" 959
"C:/Users/Owner/Documents/Unreal Projects/SubstationNine/Content/Audio/Wavs/doorOpen.uexp" 960
"C:/Users/Owner/Documents/Unreal Projects/SubstationNine/Content/Audio/Cues/doorOpen_Cue.uasset" 961
"C:/Users/Owner/Documents/Unreal Projects/SubstationNine/Content/Audio/Cues/doorOpen_Cue.uexp" 962
"C:/Users/Owner/Documents/Unreal Projects/SubstationNine/Content/Audio/Wavs/buttonPress.ubulk" 963
"C:/Users/Owner/Documents/Unreal Projects/SubstationNine/Content/Audio/Wavs/buttonPress.uasset" 964
"C:/Users/Owner/Documents/Unreal Projects/SubstationNine/Content/Audio/Wavs/buttonPress.uexp" 965
"C:/Users/Owner/Documents/Unreal Projects/SubstationNine/Content/Audio/Wavs/buttonPress_Cue.uasset" 966
"C:/Users/Owner/Documents/Unreal Projects/SubstationNine/Content/Audio/Wavs/buttonPress_Cue.uexp" 967
"C:/Users/Owner/Documents/Unreal Projects/SubstationNine/Content/BPs/PressureButton1_BP.uasset" 968
"C:/Users/Owner/Documents/Unreal Projects/SubstationNine/Content/BPs/PressureButton1_BP.uexp" 969
"C:/Users/Owner/Documents/Unreal Projects/SubstationNine/Content/BPs/PressureDoorOpen_BP1.uasset" 970
"C:/Users/Owner/Documents/Unreal Projects/SubstationNine/Content/BPs/PressureDoorOpen_BP1.uexp" 971
"C:/Users/Owner/Documents/Unreal Projects/SubstationNine/Content/BPs/PressureButton2_BP.uasset" 972
"C:/Users/Owner/Documents/Unreal Projects/SubstationNine/Content/BPs/PressureButton2_BP.uexp" 973
"C:/Users/Owner/Documents/Unreal Projects/SubstationNine/Content/Widgets/Oxygen_UI.uasset" 974
"C:/Users/Owner/Documents/Unreal Projects/SubstationNine/Content/Widgets/Oxygen_UI.uexp" 975
"C:/Users/Owner/Documents/Unreal Projects/SubstationNine/Content/BPs/CameraShake_BP.uasset" 976
"C:/Users/Owner/Documents/Unreal Projects/SubstationNine/Content/BPs/CameraShake_BP.uexp" 977
"C:/Users/Owner/Documents/Unreal Projects/SubstationNine/Content/Audio/Wavs/pistol_hide.ubulk" 978
"C:/Users/Owner/Documents/Unreal Projects/SubstationNine/Content/Audio/Wavs/pistol_hide.uasset" 979
"C:/Users/Owner/Documents/Unreal Projects/SubstationNine/Content/Audio/Wavs/pistol_hide.uexp" 980
"C:/Users/Owner/Documents/Unreal Projects/SubstationNine/Content/Audio/Wavs/pistol_hide_Cue.uasset" 981
"C:/Users/Owner/Documents/Unreal Projects/SubstationNine/Content/Audio/Wavs/pistol_hide_Cue.uexp" 982
"C:/Users/Owner/Documents/Unreal Projects/SubstationNine/Content/Audio/Wavs/pistol_equip.ubulk" 983
"C:/Users/Owner/Documents/Unreal Projects/SubstationNine/Content/Audio/Wavs/pistol_equip.uasset" 984
"C:/Users/Owner/Documents/Unreal Projects/SubstationNine/Content/Audio/Wavs/pistol_equip.uexp" 985
"C:/Users/Owner/Documents/Unreal Projects/SubstationNine/Content/Audio/Wavs/pistol_equip_Cue.uasset" 986
"C:/Users/Owner/Documents/Unreal Projects/SubstationNine/Content/Audio/Wavs/pistol_equip_Cue.uexp" 987
"C:/Users/Owner/Documents/Unreal Projects/SubstationNine/Content/Art/PlayerArt/ss9pistol_reload.uasset" 988
"C:/Users/Owner/Documents/Unreal Projects/SubstationNine/Content/Art/PlayerArt/ss9pistol_reload.uexp" 989
"C:/Users/Owner/Documents/Unreal Projects/SubstationNine/Content/Art/PlayerArt/ss9pistol_reload_1.uasset" 990
"C:/Users/Owner/Documents/Unreal Projects/SubstationNine/Content/Art/PlayerArt/ss9pistol_reload_1.uexp" 991
"C:/Users/Owner/Documents/Unreal Projects/SubstationNine/Content/Art/PlayerArt/ss9pistol_reload_2.uasset" 992
"C:/Users/Owner/Documents/Unreal Projects/SubstationNine/Content/Art/PlayerArt/ss9pistol_reload_2.uexp" 993
"C:/Users/Owner/Documents/Unreal Projects/SubstationNine/Content/Art/PlayerArt/Player_PixelReload.uasset" 994
"C:/Users/Owner/Documents/Unreal Projects/SubstationNine/Content/Art/PlayerArt/Player_PixelReload.uexp" 995
"C:/Users/Owner/Documents/Unreal Projects/SubstationNine/Content/Art/PlayerArt/ss9_pistol.uasset" 996
"C:/Users/Owner/Documents/Unreal Projects/SubstationNine/Content/Art/PlayerArt/ss9_pistol.uexp" 997
"C:/Users/Owner/Documents/Unreal Projects/SubstationNine/Content/Art/PlayerArt/ss9_pistol_idle.uasset" 998
"C:/Users/Owner/Documents/Unreal Projects/SubstationNine/Content/Art/PlayerArt/ss9_pistol_idle.uexp" 999
"C:/Users/Owner/Documents/Unreal Projects/SubstationNine/Content/Art/PlayerArt/ss9_pistol_fire.uasset" 1000
"C:/Users/Owner/Documents/Unreal Projects/SubstationNine/Content/Art/PlayerArt/ss9_pistol_fire.uexp" 1001
"C:/Users/Owner/Documents/Unreal Projects/SubstationNine/Content/Art/PlayerArt/Player_PixelPistol.uasset" 1002
"C:/Users/Owner/Documents/Unreal Projects/SubstationNine/Content/Art/PlayerArt/Player_PixelPistol.uexp" 1003
"C:/Users/Owner/Documents/Unreal Projects/SubstationNine/Content/Art/PlayerArt/ss9_interact.uasset" 1004
"C:/Users/Owner/Documents/Unreal Projects/SubstationNine/Content/Art/PlayerArt/ss9_interact.uexp" 1005
"C:/Users/Owner/Documents/Unreal Projects/SubstationNine/Content/Art/PlayerArt/Player_PixelInteract.uasset" 1006
"C:/Users/Owner/Documents/Unreal Projects/SubstationNine/Content/Art/PlayerArt/Player_PixelInteract.uexp" 1007
"C:/Users/Owner/Documents/Unreal Projects/SubstationNine/Content/Art/PlayerArt/Player_PixelInteract_Flipbook.uasset" 1008
"C:/Users/Owner/Documents/Unreal Projects/SubstationNine/Content/Art/PlayerArt/Player_PixelInteract_Flipbook.uexp" 1009
"C:/Users/Owner/Documents/Unreal Projects/SubstationNine/Content/Variant_Horror/Blueprints/BP_HorrorCharacter.uasset" 1010
"C:/Users/Owner/Documents/Unreal Projects/SubstationNine/Content/Variant_Horror/Blueprints/BP_HorrorCharacter.uexp" 1011
"C:/Users/Owner/Documents/Unreal Projects/SubstationNine/Content/Audio/Wavs/bigDoorOpen.ubulk" 1012
"C:/Users/Owner/Documents/Unreal Projects/SubstationNine/Content/Audio/Wavs/bigDoorOpen.uasset" 1013
"C:/Users/Owner/Documents/Unreal Projects/SubstationNine/Content/Audio/Wavs/bigDoorOpen.uexp" 1014
"C:/Users/Owner/Documents/Unreal Projects/SubstationNine/Content/Audio/Cues/bigDoorOpen_Cue.uasset" 1015
"C:/Users/Owner/Documents/Unreal Projects/SubstationNine/Content/Audio/Cues/bigDoorOpen_Cue.uexp" 1016
"C:/Users/Owner/Documents/Unreal Projects/SubstationNine/Content/BPs/UnockedDoor_BP.uasset" 1017
"C:/Users/Owner/Documents/Unreal Projects/SubstationNine/Content/BPs/UnockedDoor_BP.uexp" 1018
"C:/Users/Owner/Documents/Unreal Projects/SubstationNine/Content/Mats/DarkScreen_MAT.uasset" 1019
"C:/Users/Owner/Documents/Unreal Projects/SubstationNine/Content/Mats/DarkScreen_MAT.uexp" 1020
"C:/Users/Owner/Documents/Unreal Projects/SubstationNine/Content/Mats/Computer_MAT.uasset" 1021
"C:/Users/Owner/Documents/Unreal Projects/SubstationNine/Content/Mats/Computer_MAT.uexp" 1022
"C:/Users/Owner/Documents/Unreal Projects/SubstationNine/Content/Mats/GlowingSights_MAT.uasset" 1023
"C:/Users/Owner/Documents/Unreal Projects/SubstationNine/Content/Mats/GlowingSights_MAT.uexp" 1024
"C:/Users/Owner/Documents/Unreal Projects/SubstationNine/Content/_GENERATED/Owner/ComputerTerminal.ubulk" 1025
"C:/Users/Owner/Documents/Unreal Projects/SubstationNine/Content/_GENERATED/Owner/ComputerTerminal.uasset" 1026
"C:/Users/Owner/Documents/Unreal Projects/SubstationNine/Content/_GENERATED/Owner/ComputerTerminal.uexp" 1027
"C:/Users/Owner/Documents/Unreal Projects/SubstationNine/Content/Audio/Wavs/terminalBeep.ubulk" 1028
"C:/Users/Owner/Documents/Unreal Projects/SubstationNine/Content/Audio/Wavs/terminalBeep.uasset" 1029
"C:/Users/Owner/Documents/Unreal Projects/SubstationNine/Content/Audio/Wavs/terminalBeep.uexp" 1030
"C:/Users/Owner/Documents/Unreal Projects/SubstationNine/Content/Audio/Cues/terminalBeep_Cue.uasset" 1031
"C:/Users/Owner/Documents/Unreal Projects/SubstationNine/Content/Audio/Cues/terminalBeep_Cue.uexp" 1032
"C:/Users/Owner/Documents/Unreal Projects/SubstationNine/Content/Widgets/Terminal_WBP.uasset" 1033
"C:/Users/Owner/Documents/Unreal Projects/SubstationNine/Content/Widgets/Terminal_WBP.uexp" 1034
"C:/Users/Owner/Documents/Unreal Projects/SubstationNine/Content/BPs/Terminal_BP.uasset" 1035
"C:/Users/Owner/Documents/Unreal Projects/SubstationNine/Content/BPs/Terminal_BP.uexp" 1036
"C:/Users/Owner/Documents/Unreal Projects/SubstationNine/Content/BPs/PressureDoorShut_BP2.uasset" 1037
"C:/Users/Owner/Documents/Unreal Projects/SubstationNine/Content/BPs/PressureDoorShut_BP2.uexp" 1038
"C:/Users/Owner/Documents/Unreal Projects/SubstationNine/Content/BPs/PressureDoorShut_BP1.uasset" 1039
"C:/Users/Owner/Documents/Unreal Projects/SubstationNine/Content/BPs/PressureDoorShut_BP1.uexp" 1040
"C:/Users/Owner/Documents/Unreal Projects/SubstationNine/Content/BPs/PressureDoorOpen_BP2.uasset" 1041
"C:/Users/Owner/Documents/Unreal Projects/SubstationNine/Content/BPs/PressureDoorOpen_BP2.uexp" 1042
"C:/Users/Owner/Documents/Unreal Projects/SubstationNine/Content/Mats/OxygenTank_MAT.uasset" 1043
"C:/Users/Owner/Documents/Unreal Projects/SubstationNine/Content/Mats/OxygenTank_MAT.uexp" 1044
"C:/Users/Owner/Documents/Unreal Projects/SubstationNine/Content/Art/Textures/seamless/metal2.ubulk" 1045
"C:/Users/Owner/Documents/Unreal Projects/SubstationNine/Content/Art/Textures/seamless/metal2.uasset" 1046
"C:/Users/Owner/Documents/Unreal Projects/SubstationNine/Content/Art/Textures/seamless/metal2.uexp" 1047
"C:/Users/Owner/Documents/Unreal Projects/SubstationNine/Content/Mats/Pipe_MAT.uasset" 1048
"C:/Users/Owner/Documents/Unreal Projects/SubstationNine/Content/Mats/Pipe_MAT.uexp" 1049
"C:/Users/Owner/Documents/Unreal Projects/SubstationNine/Content/_GENERATED/Owner/oxtank_mesh.ubulk" 1050
"C:/Users/Owner/Documents/Unreal Projects/SubstationNine/Content/_GENERATED/Owner/oxtank_mesh.uasset" 1051
"C:/Users/Owner/Documents/Unreal Projects/SubstationNine/Content/_GENERATED/Owner/oxtank_mesh.uexp" 1052
"C:/Users/Owner/Documents/Unreal Projects/SubstationNine/Content/Audio/Wavs/oxPickup2.ubulk" 1053
"C:/Users/Owner/Documents/Unreal Projects/SubstationNine/Content/Audio/Wavs/oxPickup2.uasset" 1054
"C:/Users/Owner/Documents/Unreal Projects/SubstationNine/Content/Audio/Wavs/oxPickup2.uexp" 1055
"C:/Users/Owner/Documents/Unreal Projects/SubstationNine/Content/Audio/Wavs/oxPickup1.ubulk" 1056
"C:/Users/Owner/Documents/Unreal Projects/SubstationNine/Content/Audio/Wavs/oxPickup1.uasset" 1057
"C:/Users/Owner/Documents/Unreal Projects/SubstationNine/Content/Audio/Wavs/oxPickup1.uexp" 1058
"C:/Users/Owner/Documents/Unreal Projects/SubstationNine/Content/Audio/Cues/oxPickup_Cue.uasset" 1059
"C:/Users/Owner/Documents/Unreal Projects/SubstationNine/Content/Audio/Cues/oxPickup_Cue.uexp" 1060
"C:/Users/Owner/Documents/Unreal Projects/SubstationNine/Content/BPs/OxygenPickup_BP.uasset" 1061
"C:/Users/Owner/Documents/Unreal Projects/SubstationNine/Content/BPs/OxygenPickup_BP.uexp" 1062
"C:/Users/Owner/Documents/Unreal Projects/SubstationNine/Content/BPs/DoorOpenButton1_BP.uasset" 1063
"C:/Users/Owner/Documents/Unreal Projects/SubstationNine/Content/BPs/DoorOpenButton1_BP.uexp" 1064
"C:/Users/Owner/Documents/Unreal Projects/SubstationNine/Content/BPs/LobbyDoorOpen_BP.uasset" 1065
"C:/Users/Owner/Documents/Unreal Projects/SubstationNine/Content/BPs/LobbyDoorOpen_BP.uexp" 1066
"../../../Engine/Content/EditorSounds/Notifications/CompileFailed.ubulk" 1067
"../../../Engine/Content/EditorSounds/Notifications/CompileFailed.uasset" 1068
"../../../Engine/Content/EditorSounds/Notifications/CompileFailed.uexp" 1069
"../../../Engine/Content/VREditor/Sounds/UI/Camera_Shutter.ubulk" 1070
"../../../Engine/Content/VREditor/Sounds/UI/Camera_Shutter.uasset" 1071
"../../../Engine/Content/VREditor/Sounds/UI/Camera_Shutter.uexp" 1072
"C:/Users/Owner/Documents/Unreal Projects/SubstationNine/Content/BPs/KeyPadDoorOpen_BP.uasset" 1073
"C:/Users/Owner/Documents/Unreal Projects/SubstationNine/Content/BPs/KeyPadDoorOpen_BP.uexp" 1074
"C:/Users/Owner/Documents/Unreal Projects/SubstationNine/Content/Widgets/keypad_WBP.uasset" 1075
"C:/Users/Owner/Documents/Unreal Projects/SubstationNine/Content/Widgets/keypad_WBP.uexp" 1076
"C:/Users/Owner/Documents/Unreal Projects/SubstationNine/Content/BPs/Keypad_BP.uasset" 1077
"C:/Users/Owner/Documents/Unreal Projects/SubstationNine/Content/BPs/Keypad_BP.uexp" 1078
"C:/Users/Owner/Documents/Unreal Projects/SubstationNine/Content/Mats/HealthCross_MAT.uasset" 1079
"C:/Users/Owner/Documents/Unreal Projects/SubstationNine/Content/Mats/HealthCross_MAT.uexp" 1080
"C:/Users/Owner/Documents/Unreal Projects/SubstationNine/Content/_GENERATED/Owner/HealthPack.ubulk" 1081
"C:/Users/Owner/Documents/Unreal Projects/SubstationNine/Content/_GENERATED/Owner/HealthPack.uasset" 1082
"C:/Users/Owner/Documents/Unreal Projects/SubstationNine/Content/_GENERATED/Owner/HealthPack.uexp" 1083
"C:/Users/Owner/Documents/Unreal Projects/SubstationNine/Content/BPs/HealthPickUp_BP.uasset" 1084
"C:/Users/Owner/Documents/Unreal Projects/SubstationNine/Content/BPs/HealthPickUp_BP.uexp" 1085
"C:/Users/Owner/Documents/Unreal Projects/SubstationNine/Content/BPs/GiantDoorOpenButton_BP.uasset" 1086
"C:/Users/Owner/Documents/Unreal Projects/SubstationNine/Content/BPs/GiantDoorOpenButton_BP.uexp" 1087
"C:/Users/Owner/Documents/Unreal Projects/SubstationNine/Content/BPs/GiantDoorOpen_BP.uasset" 1088
"C:/Users/Owner/Documents/Unreal Projects/SubstationNine/Content/BPs/GiantDoorOpen_BP.uexp" 1089
"C:/Users/Owner/Documents/Unreal Projects/SubstationNine/Content/Mats/Glass_MAT.uasset" 1090
"C:/Users/Owner/Documents/Unreal Projects/SubstationNine/Content/Mats/Glass_MAT.uexp" 1091
"C:/Users/Owner/Documents/Unreal Projects/SubstationNine/Content/_GENERATED/Owner/floorlight_mesh.ubulk" 1092
"C:/Users/Owner/Documents/Unreal Projects/SubstationNine/Content/_GENERATED/Owner/floorlight_mesh.uasset" 1093
"C:/Users/Owner/Documents/Unreal Projects/SubstationNine/Content/_GENERATED/Owner/floorlight_mesh.uexp" 1094
"C:/Users/Owner/Documents/Unreal Projects/SubstationNine/Content/BPs/floorlight_BP.uasset" 1095
"C:/Users/Owner/Documents/Unreal Projects/SubstationNine/Content/BPs/floorlight_BP.uexp" 1096
"C:/Users/Owner/Documents/Unreal Projects/SubstationNine/Content/Mats/AmmoBox_MAT.uasset" 1097
"C:/Users/Owner/Documents/Unreal Projects/SubstationNine/Content/Mats/AmmoBox_MAT.uexp" 1098
"C:/Users/Owner/Documents/Unreal Projects/SubstationNine/Content/_GENERATED/Owner/AmmoBox.ubulk" 1099
"C:/Users/Owner/Documents/Unreal Projects/SubstationNine/Content/_GENERATED/Owner/AmmoBox.uasset" 1100
"C:/Users/Owner/Documents/Unreal Projects/SubstationNine/Content/_GENERATED/Owner/AmmoBox.uexp" 1101
"C:/Users/Owner/Documents/Unreal Projects/SubstationNine/Content/Audio/Wavs/ammoPickup3.ubulk" 1102
"C:/Users/Owner/Documents/Unreal Projects/SubstationNine/Content/Audio/Wavs/ammoPickup3.uasset" 1103
"C:/Users/Owner/Documents/Unreal Projects/SubstationNine/Content/Audio/Wavs/ammoPickup3.uexp" 1104
"C:/Users/Owner/Documents/Unreal Projects/SubstationNine/Content/Audio/Wavs/ammoPickup2.ubulk" 1105
"C:/Users/Owner/Documents/Unreal Projects/SubstationNine/Content/Audio/Wavs/ammoPickup2.uasset" 1106
"C:/Users/Owner/Documents/Unreal Projects/SubstationNine/Content/Audio/Wavs/ammoPickup2.uexp" 1107
"C:/Users/Owner/Documents/Unreal Projects/SubstationNine/Content/Audio/Wavs/ammoPickup1.ubulk" 1108
"C:/Users/Owner/Documents/Unreal Projects/SubstationNine/Content/Audio/Wavs/ammoPickup1.uasset" 1109
"C:/Users/Owner/Documents/Unreal Projects/SubstationNine/Content/Audio/Wavs/ammoPickup1.uexp" 1110
"C:/Users/Owner/Documents/Unreal Projects/SubstationNine/Content/Audio/Cues/ammoPickup_Cue.uasset" 1111
"C:/Users/Owner/Documents/Unreal Projects/SubstationNine/Content/Audio/Cues/ammoPickup_Cue.uexp" 1112
"C:/Users/Owner/Documents/Unreal Projects/SubstationNine/Content/BPs/AmmoPickUp_BP.uasset" 1113
"C:/Users/Owner/Documents/Unreal Projects/SubstationNine/Content/BPs/AmmoPickUp_BP.uexp" 1114
"../../../Engine/Plugins/VirtualProduction/CameraCalibrationCore/Content/Materials/M_DefaultOddSquare.uasset" 1115
"../../../Engine/Plugins/VirtualProduction/CameraCalibrationCore/Content/Materials/M_DefaultOddSquare.uexp" 1116
"../../../Engine/Plugins/VirtualProduction/CameraCalibrationCore/Content/Materials/M_DefaultEvenSquare.uasset" 1117
"../../../Engine/Plugins/VirtualProduction/CameraCalibrationCore/Content/Materials/M_DefaultEvenSquare.uexp" 1118
"../../../Engine/Content/EngineResources/FilmGrains/Marcie_Grain_v3_128_M2_000.uasset" 1119
"../../../Engine/Content/EngineResources/FilmGrains/Marcie_Grain_v3_128_M2_000.uexp" 1120
"../../../Engine/Content/EngineResources/Development/ZenLogo_64.uasset" 1121
"../../../Engine/Content/EngineResources/Development/ZenLogo_64.uexp" 1122
"../../../Engine/Content/EngineMaterials/LTC/Sheen_LTC.uasset" 1123
"../../../Engine/Content/EngineMaterials/LTC/Sheen_LTC.uexp" 1124
"../../../Engine/Content/EngineMaterials/LTC/GGX_LTCMat.uasset" 1125
"../../../Engine/Content/EngineMaterials/LTC/GGX_LTCMat.uexp" 1126
"../../../Engine/Content/EngineMaterials/LTC/GGX_LTCAmp.uasset" 1127
"../../../Engine/Content/EngineMaterials/LTC/GGX_LTCAmp.uexp" 1128
"../../../Engine/Content/EngineMaterials/EnergyConservation/Sheen_Energy.uasset" 1129
"../../../Engine/Content/EngineMaterials/EnergyConservation/Sheen_Energy.uexp" 1130
"../../../Engine/Content/EngineMaterials/EnergyConservation/SheenLegacy_Energy.uasset" 1131
"../../../Engine/Content/EngineMaterials/EnergyConservation/SheenLegacy_Energy.uexp" 1132
"../../../Engine/Content/EngineMaterials/EnergyConservation/GGX_TransmissionEnergyArray.uasset" 1133
"../../../Engine/Content/EngineMaterials/EnergyConservation/GGX_TransmissionEnergyArray.uexp" 1134
"../../../Engine/Content/EngineMaterials/EnergyConservation/GGX_ReflectionEnergy.uasset" 1135
"../../../Engine/Content/EngineMaterials/EnergyConservation/GGX_ReflectionEnergy.uexp" 1136
"../../../Engine/Content/EngineMaterials/EnergyConservation/Diffuse_Energy.uasset" 1137
"../../../Engine/Content/EngineMaterials/EnergyConservation/Diffuse_Energy.uexp" 1138
"../../../Engine/Content/EditorResources/SequenceRecorder/RecordingIndicator.uasset" 1139
"../../../Engine/Content/EditorResources/SequenceRecorder/RecordingIndicator.uexp" 1140
"../../../Engine/Content/EditorResources/SequenceRecorder/Countdown.uasset" 1141
"../../../Engine/Content/EditorResources/SequenceRecorder/Countdown.uexp" 1142
"../../../Engine/Content/EditorMaterials/Camera/CineMat.uasset" 1143
"../../../Engine/Content/EditorMaterials/Camera/CineMat.uexp" 1144
"../../../Engine/Content/EditorMaterials/Camera/MI_CineMat_Rig.uasset" 1145
"../../../Engine/Content/EditorMaterials/Camera/MI_CineMat_Rig.uexp" 1146
"../../../Engine/Content/EditorMeshes/Camera/SM_RailRig_Track.ubulk" 1147
"../../../Engine/Content/EditorMeshes/Camera/SM_RailRig_Track.uasset" 1148
"../../../Engine/Content/EditorMeshes/Camera/SM_RailRig_Track.uexp" 1149
"../../../Engine/Content/EditorMeshes/Camera/SM_RailRig_Mount.ubulk" 1150
"../../../Engine/Content/EditorMeshes/Camera/SM_RailRig_Mount.uasset" 1151
"../../../Engine/Content/EditorMeshes/Camera/SM_RailRig_Mount.uexp" 1152
"../../../Engine/Content/EditorMeshes/Camera/SM_CraneRig_Mount.ubulk" 1153
"../../../Engine/Content/EditorMeshes/Camera/SM_CraneRig_Mount.uasset" 1154
"../../../Engine/Content/EditorMeshes/Camera/SM_CraneRig_Mount.uexp" 1155
"../../../Engine/Content/EditorMeshes/Camera/SM_CraneRig_Body.ubulk" 1156
"../../../Engine/Content/EditorMeshes/Camera/SM_CraneRig_Body.uasset" 1157
"../../../Engine/Content/EditorMeshes/Camera/SM_CraneRig_Body.uexp" 1158
"../../../Engine/Content/EditorMeshes/Camera/SM_CraneRig_Base.ubulk" 1159
"../../../Engine/Content/EditorMeshes/Camera/SM_CraneRig_Base.uasset" 1160
"../../../Engine/Content/EditorMeshes/Camera/SM_CraneRig_Base.uexp" 1161
"../../../Engine/Content/EditorMeshes/Camera/SM_CraneRig_Arm.ubulk" 1162
"../../../Engine/Content/EditorMeshes/Camera/SM_CraneRig_Arm.uasset" 1163
"../../../Engine/Content/EditorMeshes/Camera/SM_CraneRig_Arm.uexp" 1164
"../../../Engine/Content/EditorMaterials/ParticleSystems/PSysThumbnail_OOD.ubulk" 1165
"../../../Engine/Content/EditorMaterials/ParticleSystems/PSysThumbnail_OOD.uasset" 1166
"../../../Engine/Content/EditorMaterials/ParticleSystems/PSysThumbnail_OOD.uexp" 1167
"../../../Engine/Content/EditorMaterials/ParticleSystems/PSysThumbnail_NoImage.ubulk" 1168
"../../../Engine/Content/EditorMaterials/ParticleSystems/PSysThumbnail_NoImage.uasset" 1169
"../../../Engine/Content/EditorMaterials/ParticleSystems/PSysThumbnail_NoImage.uexp" 1170
"../../../Engine/Content/EditorMaterials/Dataflow/DataflowVertexMaterial.uasset" 1171
"../../../Engine/Content/EditorMaterials/Dataflow/DataflowVertexMaterial.uexp" 1172
"../../../Engine/Content/EditorMaterials/Dataflow/DataflowTwoSidedVertexMaterial.uasset" 1173
"../../../Engine/Content/EditorMaterials/Dataflow/DataflowTwoSidedVertexMaterial.uexp" 1174
"../../../Engine/Content/VREditor/TransformGizmo/Xray.uasset" 1175
"../../../Engine/Content/VREditor/TransformGizmo/Xray.uexp" 1176
"../../../Engine/Content/VREditor/TransformGizmo/Main.uasset" 1177
"../../../Engine/Content/VREditor/TransformGizmo/Main.uexp" 1178
"../../../Engine/Content/VREditor/TransformGizmo/SM_Sequencer_Node.ubulk" 1179
"../../../Engine/Content/VREditor/TransformGizmo/SM_Sequencer_Node.uasset" 1180
"../../../Engine/Content/VREditor/TransformGizmo/SM_Sequencer_Node.uexp" 1181
"../../../Engine/Content/VREditor/LaserPointer/VR_LaserPower_01.ubulk" 1182
"../../../Engine/Content/VREditor/LaserPointer/VR_LaserPower_01.uasset" 1183
"../../../Engine/Content/VREditor/LaserPointer/VR_LaserPower_01.uexp" 1184
"../../../Engine/Content/VREditor/TransformGizmo/TransformGizmoMaterial.uasset" 1185
"../../../Engine/Content/VREditor/TransformGizmo/TransformGizmoMaterial.uexp" 1186
"../../../Engine/Content/VREditor/TransformGizmo/TranslucentTransformGizmoMaterial.uasset" 1187
"../../../Engine/Content/VREditor/TransformGizmo/TranslucentTransformGizmoMaterial.uexp" 1188
"../../../Engine/Content/VREditor/TransformGizmo/BoundingBoxEdge.ubulk" 1189
"../../../Engine/Content/VREditor/TransformGizmo/BoundingBoxEdge.uasset" 1190
"../../../Engine/Content/VREditor/TransformGizmo/BoundingBoxEdge.uexp" 1191
"../../../Engine/Content/VREditor/TransformGizmo/BoundingBoxCorner.ubulk" 1192
"../../../Engine/Content/VREditor/TransformGizmo/BoundingBoxCorner.uasset" 1193
"../../../Engine/Content/VREditor/TransformGizmo/BoundingBoxCorner.uexp" 1194
"../../../Engine/Content/MapTemplates/Sky/T_Sky_Stars.ubulk" 1195
"../../../Engine/Content/MapTemplates/Sky/T_Sky_Stars.uasset" 1196
"../../../Engine/Content/MapTemplates/Sky/T_Sky_Stars.uexp" 1197
"C:/Users/Owner/Documents/Unreal Projects/SubstationNine/Content/Art/Textures/seamless/concrete1.ubulk" 1198
"C:/Users/Owner/Documents/Unreal Projects/SubstationNine/Content/Art/Textures/seamless/concrete1.uasset" 1199
"C:/Users/Owner/Documents/Unreal Projects/SubstationNine/Content/Art/Textures/seamless/concrete1.uexp" 1200
"C:/Users/Owner/Documents/Unreal Projects/SubstationNine/Content/Mats/Wall_MAT.uasset" 1201
"C:/Users/Owner/Documents/Unreal Projects/SubstationNine/Content/Mats/Wall_MAT.uexp" 1202
"C:/Users/Owner/Documents/Unreal Projects/SubstationNine/Content/_GENERATED/Owner/StationWall_1.ubulk" 1203
"C:/Users/Owner/Documents/Unreal Projects/SubstationNine/Content/_GENERATED/Owner/StationWall_1.uasset" 1204
"C:/Users/Owner/Documents/Unreal Projects/SubstationNine/Content/_GENERATED/Owner/StationWall_1.uexp" 1205
"C:/Users/Owner/Documents/Unreal Projects/SubstationNine/Content/LevelPrototyping/Textures/T_GridChecker_A.ubulk" 1206
"C:/Users/Owner/Documents/Unreal Projects/SubstationNine/Content/LevelPrototyping/Textures/T_GridChecker_A.uasset" 1207
"C:/Users/Owner/Documents/Unreal Projects/SubstationNine/Content/LevelPrototyping/Textures/T_GridChecker_A.uexp" 1208
"C:/Users/Owner/Documents/Unreal Projects/SubstationNine/Content/LevelPrototyping/Materials/MF_ProcGrid.uasset" 1209
"C:/Users/Owner/Documents/Unreal Projects/SubstationNine/Content/LevelPrototyping/Materials/MF_ProcGrid.uexp" 1210
"C:/Users/Owner/Documents/Unreal Projects/SubstationNine/Content/LevelPrototyping/Materials/M_PrototypeGrid.uasset" 1211
"C:/Users/Owner/Documents/Unreal Projects/SubstationNine/Content/LevelPrototyping/Materials/M_PrototypeGrid.uexp" 1212
"C:/Users/Owner/Documents/Unreal Projects/SubstationNine/Content/LevelPrototyping/Materials/MI_PrototypeGrid_Gray.uasset" 1213
"C:/Users/Owner/Documents/Unreal Projects/SubstationNine/Content/LevelPrototyping/Materials/MI_PrototypeGrid_Gray.uexp" 1214
"C:/Users/Owner/Documents/Unreal Projects/SubstationNine/Content/LevelPrototyping/Meshes/SM_Cube.ubulk" 1215
"C:/Users/Owner/Documents/Unreal Projects/SubstationNine/Content/LevelPrototyping/Meshes/SM_Cube.uasset" 1216
"C:/Users/Owner/Documents/Unreal Projects/SubstationNine/Content/LevelPrototyping/Meshes/SM_Cube.uexp" 1217
"C:/Users/Owner/Documents/Unreal Projects/SubstationNine/Content/Audio/Wavs/spookyAmbi.ubulk" 1218
"C:/Users/Owner/Documents/Unreal Projects/SubstationNine/Content/Audio/Wavs/spookyAmbi.uasset" 1219
"C:/Users/Owner/Documents/Unreal Projects/SubstationNine/Content/Audio/Wavs/spookyAmbi.uexp" 1220
"C:/Users/Owner/Documents/Unreal Projects/SubstationNine/Content/Audio/Cues/spookyAmbi_Cue.uasset" 1221
"C:/Users/Owner/Documents/Unreal Projects/SubstationNine/Content/Audio/Cues/spookyAmbi_Cue.uexp" 1222
"../../../Engine/Content/Functions/Engine_MaterialFunctions01/Shading/PowerToRoughness.uasset" 1223
"../../../Engine/Content/Functions/Engine_MaterialFunctions01/Shading/PowerToRoughness.uexp" 1224
"../../../Engine/Content/Functions/Engine_MaterialFunctions01/Shading/ConvertFromDiffSpec.uasset" 1225
"../../../Engine/Content/Functions/Engine_MaterialFunctions01/Shading/ConvertFromDiffSpec.uexp" 1226
"../../../Engine/Content/ArtTools/RenderToTexture/Meshes/S_1_Unit_Plane.ubulk" 1227
"../../../Engine/Content/ArtTools/RenderToTexture/Meshes/S_1_Unit_Plane.uasset" 1228
"../../../Engine/Content/ArtTools/RenderToTexture/Meshes/S_1_Unit_Plane.uexp" 1229
"C:/Users/Owner/Documents/Unreal Projects/SubstationNine/Content/FirstPerson/_GENERATED/Owner/Sphere_D8D05773.ubulk" 1230
"C:/Users/Owner/Documents/Unreal Projects/SubstationNine/Content/FirstPerson/_GENERATED/Owner/Sphere_D8D05773.uasset" 1231
"C:/Users/Owner/Documents/Unreal Projects/SubstationNine/Content/FirstPerson/_GENERATED/Owner/Sphere_D8D05773.uexp" 1232
"C:/Users/Owner/Documents/Unreal Projects/SubstationNine/Content/FirstPerson/_GENERATED/Owner/Cylinder_FB1F58EC.ubulk" 1233
"C:/Users/Owner/Documents/Unreal Projects/SubstationNine/Content/FirstPerson/_GENERATED/Owner/Cylinder_FB1F58EC.uasset" 1234
"C:/Users/Owner/Documents/Unreal Projects/SubstationNine/Content/FirstPerson/_GENERATED/Owner/Cylinder_FB1F58EC.uexp" 1235
"C:/Users/Owner/Documents/Unreal Projects/SubstationNine/Content/FirstPerson/_GENERATED/Owner/Cylinder_F34B2972.ubulk" 1236
"C:/Users/Owner/Documents/Unreal Projects/SubstationNine/Content/FirstPerson/_GENERATED/Owner/Cylinder_F34B2972.uasset" 1237
"C:/Users/Owner/Documents/Unreal Projects/SubstationNine/Content/FirstPerson/_GENERATED/Owner/Cylinder_F34B2972.uexp" 1238
"C:/Users/Owner/Documents/Unreal Projects/SubstationNine/Content/FirstPerson/_GENERATED/Owner/Cylinder_DD6DF02C.ubulk" 1239
"C:/Users/Owner/Documents/Unreal Projects/SubstationNine/Content/FirstPerson/_GENERATED/Owner/Cylinder_DD6DF02C.uasset" 1240
"C:/Users/Owner/Documents/Unreal Projects/SubstationNine/Content/FirstPerson/_GENERATED/Owner/Cylinder_DD6DF02C.uexp" 1241
"C:/Users/Owner/Documents/Unreal Projects/SubstationNine/Content/FirstPerson/_GENERATED/Owner/Cylinder_891194CA.ubulk" 1242
"C:/Users/Owner/Documents/Unreal Projects/SubstationNine/Content/FirstPerson/_GENERATED/Owner/Cylinder_891194CA.uasset" 1243
"C:/Users/Owner/Documents/Unreal Projects/SubstationNine/Content/FirstPerson/_GENERATED/Owner/Cylinder_891194CA.uexp" 1244
"C:/Users/Owner/Documents/Unreal Projects/SubstationNine/Content/FirstPerson/_GENERATED/Owner/Cylinder_82DFB492.ubulk" 1245
"C:/Users/Owner/Documents/Unreal Projects/SubstationNine/Content/FirstPerson/_GENERATED/Owner/Cylinder_82DFB492.uasset" 1246
"C:/Users/Owner/Documents/Unreal Projects/SubstationNine/Content/FirstPerson/_GENERATED/Owner/Cylinder_82DFB492.uexp" 1247
"C:/Users/Owner/Documents/Unreal Projects/SubstationNine/Content/FirstPerson/_GENERATED/Owner/Cylinder_7AEB980E.ubulk" 1248
"C:/Users/Owner/Documents/Unreal Projects/SubstationNine/Content/FirstPerson/_GENERATED/Owner/Cylinder_7AEB980E.uasset" 1249
"C:/Users/Owner/Documents/Unreal Projects/SubstationNine/Content/FirstPerson/_GENERATED/Owner/Cylinder_7AEB980E.uexp" 1250
"C:/Users/Owner/Documents/Unreal Projects/SubstationNine/Content/FirstPerson/_GENERATED/Owner/Cylinder_603C8023.ubulk" 1251
"C:/Users/Owner/Documents/Unreal Projects/SubstationNine/Content/FirstPerson/_GENERATED/Owner/Cylinder_603C8023.uasset" 1252
"C:/Users/Owner/Documents/Unreal Projects/SubstationNine/Content/FirstPerson/_GENERATED/Owner/Cylinder_603C8023.uexp" 1253
"C:/Users/Owner/Documents/Unreal Projects/SubstationNine/Content/FirstPerson/_GENERATED/Owner/Cylinder_05CD7D76.ubulk" 1254
"C:/Users/Owner/Documents/Unreal Projects/SubstationNine/Content/FirstPerson/_GENERATED/Owner/Cylinder_05CD7D76.uasset" 1255
"C:/Users/Owner/Documents/Unreal Projects/SubstationNine/Content/FirstPerson/_GENERATED/Owner/Cylinder_05CD7D76.uexp" 1256
"C:/Users/Owner/Documents/Unreal Projects/SubstationNine/Content/FirstPerson/_GENERATED/Owner/Cylinder_023DCA65.ubulk" 1257
"C:/Users/Owner/Documents/Unreal Projects/SubstationNine/Content/FirstPerson/_GENERATED/Owner/Cylinder_023DCA65.uasset" 1258
"C:/Users/Owner/Documents/Unreal Projects/SubstationNine/Content/FirstPerson/_GENERATED/Owner/Cylinder_023DCA65.uexp" 1259
"C:/Users/Owner/Documents/Unreal Projects/SubstationNine/Content/FirstPerson/_GENERATED/Owner/Cylinder_02184A25.ubulk" 1260
"C:/Users/Owner/Documents/Unreal Projects/SubstationNine/Content/FirstPerson/_GENERATED/Owner/Cylinder_02184A25.uasset" 1261
"C:/Users/Owner/Documents/Unreal Projects/SubstationNine/Content/FirstPerson/_GENERATED/Owner/Cylinder_02184A25.uexp" 1262
"C:/Users/Owner/Documents/Unreal Projects/SubstationNine/Content/FirstPerson/_GENERATED/Owner/Box_BC03D2FD.ubulk" 1263
"C:/Users/Owner/Documents/Unreal Projects/SubstationNine/Content/FirstPerson/_GENERATED/Owner/Box_BC03D2FD.uasset" 1264
"C:/Users/Owner/Documents/Unreal Projects/SubstationNine/Content/FirstPerson/_GENERATED/Owner/Box_BC03D2FD.uexp" 1265
"C:/Users/Owner/Documents/Unreal Projects/SubstationNine/Content/FirstPerson/_GENERATED/Owner/Box_AFDAE3B0.ubulk" 1266
"C:/Users/Owner/Documents/Unreal Projects/SubstationNine/Content/FirstPerson/_GENERATED/Owner/Box_AFDAE3B0.uasset" 1267
"C:/Users/Owner/Documents/Unreal Projects/SubstationNine/Content/FirstPerson/_GENERATED/Owner/Box_AFDAE3B0.uexp" 1268
"C:/Users/Owner/Documents/Unreal Projects/SubstationNine/Content/FirstPerson/_GENERATED/Owner/Box_7C413F4A.ubulk" 1269
"C:/Users/Owner/Documents/Unreal Projects/SubstationNine/Content/FirstPerson/_GENERATED/Owner/Box_7C413F4A.uasset" 1270
"C:/Users/Owner/Documents/Unreal Projects/SubstationNine/Content/FirstPerson/_GENERATED/Owner/Box_7C413F4A.uexp" 1271
"C:/Users/Owner/Documents/Unreal Projects/SubstationNine/Content/FirstPerson/_GENERATED/Owner/Box_79D25FC0.ubulk" 1272
"C:/Users/Owner/Documents/Unreal Projects/SubstationNine/Content/FirstPerson/_GENERATED/Owner/Box_79D25FC0.uasset" 1273
"C:/Users/Owner/Documents/Unreal Projects/SubstationNine/Content/FirstPerson/_GENERATED/Owner/Box_79D25FC0.uexp" 1274
"C:/Users/Owner/Documents/Unreal Projects/SubstationNine/Content/FirstPerson/_GENERATED/Owner/Box_59DC5ABD.ubulk" 1275
"C:/Users/Owner/Documents/Unreal Projects/SubstationNine/Content/FirstPerson/_GENERATED/Owner/Box_59DC5ABD.uasset" 1276
"C:/Users/Owner/Documents/Unreal Projects/SubstationNine/Content/FirstPerson/_GENERATED/Owner/Box_59DC5ABD.uexp" 1277
"C:/Users/Owner/Documents/Unreal Projects/SubstationNine/Content/FirstPerson/_GENERATED/Owner/Box_56F37D1A.ubulk" 1278
"C:/Users/Owner/Documents/Unreal Projects/SubstationNine/Content/FirstPerson/_GENERATED/Owner/Box_56F37D1A.uasset" 1279
"C:/Users/Owner/Documents/Unreal Projects/SubstationNine/Content/FirstPerson/_GENERATED/Owner/Box_56F37D1A.uexp" 1280
"C:/Users/Owner/Documents/Unreal Projects/SubstationNine/Content/FirstPerson/_GENERATED/Owner/Box_39A8435B.ubulk" 1281
"C:/Users/Owner/Documents/Unreal Projects/SubstationNine/Content/FirstPerson/_GENERATED/Owner/Box_39A8435B.uasset" 1282
"C:/Users/Owner/Documents/Unreal Projects/SubstationNine/Content/FirstPerson/_GENERATED/Owner/Box_39A8435B.uexp" 1283
"C:/Users/Owner/Documents/Unreal Projects/SubstationNine/Content/FirstPerson/_GENERATED/Owner/Box_33DE0581.ubulk" 1284
"C:/Users/Owner/Documents/Unreal Projects/SubstationNine/Content/FirstPerson/_GENERATED/Owner/Box_33DE0581.uasset" 1285
"C:/Users/Owner/Documents/Unreal Projects/SubstationNine/Content/FirstPerson/_GENERATED/Owner/Box_33DE0581.uexp" 1286
"C:/Users/Owner/Documents/Unreal Projects/SubstationNine/Content/FirstPerson/_GENERATED/Owner/Box_2B919FD1.ubulk" 1287
"C:/Users/Owner/Documents/Unreal Projects/SubstationNine/Content/FirstPerson/_GENERATED/Owner/Box_2B919FD1.uasset" 1288
"C:/Users/Owner/Documents/Unreal Projects/SubstationNine/Content/FirstPerson/_GENERATED/Owner/Box_2B919FD1.uexp" 1289
"C:/Users/Owner/Documents/Unreal Projects/SubstationNine/Content/FirstPerson/_GENERATED/Owner/Box_25B59584.ubulk" 1290
"C:/Users/Owner/Documents/Unreal Projects/SubstationNine/Content/FirstPerson/_GENERATED/Owner/Box_25B59584.uasset" 1291
"C:/Users/Owner/Documents/Unreal Projects/SubstationNine/Content/FirstPerson/_GENERATED/Owner/Box_25B59584.uexp" 1292
"C:/Users/Owner/Documents/Unreal Projects/SubstationNine/Content/FirstPerson/_GENERATED/Owner/Box_1D07367E.ubulk" 1293
"C:/Users/Owner/Documents/Unreal Projects/SubstationNine/Content/FirstPerson/_GENERATED/Owner/Box_1D07367E.uasset" 1294
"C:/Users/Owner/Documents/Unreal Projects/SubstationNine/Content/FirstPerson/_GENERATED/Owner/Box_1D07367E.uexp" 1295
"C:/Users/Owner/Documents/Unreal Projects/SubstationNine/Content/FirstPerson/_GENERATED/Owner/Box_19BF0962.ubulk" 1296
"C:/Users/Owner/Documents/Unreal Projects/SubstationNine/Content/FirstPerson/_GENERATED/Owner/Box_19BF0962.uasset" 1297
"C:/Users/Owner/Documents/Unreal Projects/SubstationNine/Content/FirstPerson/_GENERATED/Owner/Box_19BF0962.uexp" 1298
"C:/Users/Owner/Documents/Unreal Projects/SubstationNine/Content/FirstPerson/_GENERATED/Owner/Box_0B2A8FE1.ubulk" 1299
"C:/Users/Owner/Documents/Unreal Projects/SubstationNine/Content/FirstPerson/_GENERATED/Owner/Box_0B2A8FE1.uasset" 1300
"C:/Users/Owner/Documents/Unreal Projects/SubstationNine/Content/FirstPerson/_GENERATED/Owner/Box_0B2A8FE1.uexp" 1301
"C:/Users/Owner/Documents/Unreal Projects/SubstationNine/Content/FirstPerson/_GENERATED/ghost/Stairs_5CB9E864.ubulk" 1302
"C:/Users/Owner/Documents/Unreal Projects/SubstationNine/Content/FirstPerson/_GENERATED/ghost/Stairs_5CB9E864.uasset" 1303
"C:/Users/Owner/Documents/Unreal Projects/SubstationNine/Content/FirstPerson/_GENERATED/ghost/Stairs_5CB9E864.uexp" 1304
"C:/Users/Owner/Documents/Unreal Projects/SubstationNine/Content/Art/Textures/Level_Eleven_Games_Sci-Fi_Texture_Pack_v1/Vent-004_Base-004.uasset" 1305
"C:/Users/Owner/Documents/Unreal Projects/SubstationNine/Content/Art/Textures/Level_Eleven_Games_Sci-Fi_Texture_Pack_v1/Vent-004_Base-004.uexp" 1306
"C:/Users/Owner/Documents/Unreal Projects/SubstationNine/Content/Art/Textures/Level_Eleven_Games_Sci-Fi_Texture_Pack_v1/Vent-004_Base-004_Mat.uasset" 1307
"C:/Users/Owner/Documents/Unreal Projects/SubstationNine/Content/Art/Textures/Level_Eleven_Games_Sci-Fi_Texture_Pack_v1/Vent-004_Base-004_Mat.uexp" 1308
"C:/Users/Owner/Documents/Unreal Projects/SubstationNine/Content/Art/Textures/Level_Eleven_Games_Sci-Fi_Texture_Pack_v1/Vent-004_Base-002.uasset" 1309
"C:/Users/Owner/Documents/Unreal Projects/SubstationNine/Content/Art/Textures/Level_Eleven_Games_Sci-Fi_Texture_Pack_v1/Vent-004_Base-002.uexp" 1310
"C:/Users/Owner/Documents/Unreal Projects/SubstationNine/Content/Art/Textures/Level_Eleven_Games_Sci-Fi_Texture_Pack_v1/Vent-004_Base-002_Mat.uasset" 1311
"C:/Users/Owner/Documents/Unreal Projects/SubstationNine/Content/Art/Textures/Level_Eleven_Games_Sci-Fi_Texture_Pack_v1/Vent-004_Base-002_Mat.uexp" 1312
"C:/Users/Owner/Documents/Unreal Projects/SubstationNine/Content/Art/Textures/Level_Eleven_Games_Sci-Fi_Texture_Pack_v1/Vent-003_Base-003.uasset" 1313
"C:/Users/Owner/Documents/Unreal Projects/SubstationNine/Content/Art/Textures/Level_Eleven_Games_Sci-Fi_Texture_Pack_v1/Vent-003_Base-003.uexp" 1314
"C:/Users/Owner/Documents/Unreal Projects/SubstationNine/Content/Art/Textures/Level_Eleven_Games_Sci-Fi_Texture_Pack_v1/Vent-003_Base-003_Mat.uasset" 1315
"C:/Users/Owner/Documents/Unreal Projects/SubstationNine/Content/Art/Textures/Level_Eleven_Games_Sci-Fi_Texture_Pack_v1/Vent-003_Base-003_Mat.uexp" 1316
"C:/Users/Owner/Documents/Unreal Projects/SubstationNine/Content/Art/Textures/Level_Eleven_Games_Sci-Fi_Texture_Pack_v1/Vent-003_Base-002.uasset" 1317
"C:/Users/Owner/Documents/Unreal Projects/SubstationNine/Content/Art/Textures/Level_Eleven_Games_Sci-Fi_Texture_Pack_v1/Vent-003_Base-002.uexp" 1318
"C:/Users/Owner/Documents/Unreal Projects/SubstationNine/Content/Art/Textures/Level_Eleven_Games_Sci-Fi_Texture_Pack_v1/Vent-003_Base-002_Mat.uasset" 1319
"C:/Users/Owner/Documents/Unreal Projects/SubstationNine/Content/Art/Textures/Level_Eleven_Games_Sci-Fi_Texture_Pack_v1/Vent-003_Base-002_Mat.uexp" 1320
"C:/Users/Owner/Documents/Unreal Projects/SubstationNine/Content/Art/Textures/Level_Eleven_Games_Sci-Fi_Texture_Pack_v1/MetalMesh-01_64.uasset" 1321
"C:/Users/Owner/Documents/Unreal Projects/SubstationNine/Content/Art/Textures/Level_Eleven_Games_Sci-Fi_Texture_Pack_v1/MetalMesh-01_64.uexp" 1322
"C:/Users/Owner/Documents/Unreal Projects/SubstationNine/Content/Art/Textures/Level_Eleven_Games_Sci-Fi_Texture_Pack_v1/Grid-002-1_Base-003_Mat.uasset" 1323
"C:/Users/Owner/Documents/Unreal Projects/SubstationNine/Content/Art/Textures/Level_Eleven_Games_Sci-Fi_Texture_Pack_v1/Grid-002-1_Base-003_Mat.uexp" 1324
"C:/Users/Owner/Documents/Unreal Projects/SubstationNine/Content/Art/Textures/Level_Eleven_Games_Sci-Fi_Texture_Pack_v1/CorrugatedMetalPanel-03V_64.uasset" 1325
"C:/Users/Owner/Documents/Unreal Projects/SubstationNine/Content/Art/Textures/Level_Eleven_Games_Sci-Fi_Texture_Pack_v1/CorrugatedMetalPanel-03V_64.uexp" 1326
"C:/Users/Owner/Documents/Unreal Projects/SubstationNine/Content/Art/Textures/Level_Eleven_Games_Sci-Fi_Texture_Pack_v1/CorrugatedMetalPanel-03V_64_Mat.uasset" 1327
"C:/Users/Owner/Documents/Unreal Projects/SubstationNine/Content/Art/Textures/Level_Eleven_Games_Sci-Fi_Texture_Pack_v1/CorrugatedMetalPanel-03V_64_Mat.uexp" 1328
"C:/Users/Owner/Documents/Unreal Projects/SubstationNine/Content/Art/Textures/Level_Eleven_Games_Sci-Fi_Texture_Pack_v1/ConcreteFloor-Hazard-Full-01_64.uasset" 1329
"C:/Users/Owner/Documents/Unreal Projects/SubstationNine/Content/Art/Textures/Level_Eleven_Games_Sci-Fi_Texture_Pack_v1/ConcreteFloor-Hazard-Full-01_64.uexp" 1330
"C:/Users/Owner/Documents/Unreal Projects/SubstationNine/Content/Art/Textures/Level_Eleven_Games_Sci-Fi_Texture_Pack_v1/ConcreteFloor-Hazard-Full-01_64_Mat.uasset" 1331
"C:/Users/Owner/Documents/Unreal Projects/SubstationNine/Content/Art/Textures/Level_Eleven_Games_Sci-Fi_Texture_Pack_v1/ConcreteFloor-Hazard-Full-01_64_Mat.uexp" 1332
"../../../Engine/Content/EngineMaterials/Substrate/GLints/AGlintTex2dArray.uasset" 1333
"../../../Engine/Content/EngineMaterials/Substrate/GLints/AGlintTex2dArray.uexp" 1334
"../../../Engine/Content/EngineMaterials/Substrate/Glints2/AGlintTex2dArray2.uasset" 1335
"../../../Engine/Content/EngineMaterials/Substrate/Glints2/AGlintTex2dArray2.uexp" 1336
"../../../Engine/Content/EngineMaterials/Substrate/Volume/SubstrateSimpleVolumeEnvLUT3D.uasset" 1337
"../../../Engine/Content/EngineMaterials/Substrate/Volume/SubstrateSimpleVolumeEnvLUT3D.uexp" 1338
"../../../Engine/Content/EngineMaterials/Substrate/Volume/SubstrateSimpleVolumeLUT3D.uasset" 1339
"../../../Engine/Content/EngineMaterials/Substrate/Volume/SubstrateSimpleVolumeLUT3D.uexp" 1340
"../../../Engine/Plugins/Interchange/Assets/Content/Utilities/New_LUT.uasset" 1341
"../../../Engine/Plugins/Interchange/Assets/Content/Utilities/New_LUT.uexp" 1342
"../../../Engine/Content/Functions/Engine_MaterialFunctions03/Math/RemapValueRange.uasset" 1343
"../../../Engine/Content/Functions/Engine_MaterialFunctions03/Math/RemapValueRange.uexp" 1344
"../../../Engine/Plugins/Interchange/Assets/Content/Functions/MF_Iridescence.uasset" 1345
"../../../Engine/Plugins/Interchange/Assets/Content/Functions/MF_Iridescence.uexp" 1346
"../../../Engine/Plugins/Interchange/Assets/Content/gltf/Textures/T_White_srgb.uasset" 1347
"../../../Engine/Plugins/Interchange/Assets/Content/gltf/Textures/T_White_srgb.uexp" 1348
"../../../Engine/Plugins/Interchange/Assets/Content/gltf/MaterialFunctions/MF_BaseColor.uasset" 1349
"../../../Engine/Plugins/Interchange/Assets/Content/gltf/MaterialFunctions/MF_BaseColor.uexp" 1350
"../../../Engine/Plugins/Interchange/Assets/Content/gltf/MaterialFunctions/MF_RotateV2.uasset" 1351
"../../../Engine/Plugins/Interchange/Assets/Content/gltf/MaterialFunctions/MF_RotateV2.uexp" 1352
"../../../Engine/Plugins/Interchange/Assets/Content/gltf/MaterialFunctions/MF_TransformUVs.uasset" 1353
"../../../Engine/Plugins/Interchange/Assets/Content/gltf/MaterialFunctions/MF_TransformUVs.uexp" 1354
"../../../Engine/Plugins/Interchange/Assets/Content/gltf/MaterialFunctions/MF_IOR.uasset" 1355
"../../../Engine/Plugins/Interchange/Assets/Content/gltf/MaterialFunctions/MF_IOR.uexp" 1356
"../../../Engine/Plugins/Interchange/Assets/Content/gltf/MaterialFunctions/MF_Iridescence.uasset" 1357
"../../../Engine/Plugins/Interchange/Assets/Content/gltf/MaterialFunctions/MF_Iridescence.uexp" 1358
"../../../Engine/Plugins/Interchange/Assets/Content/gltf/Textures/T_White_Linear.uasset" 1359
"../../../Engine/Plugins/Interchange/Assets/Content/gltf/Textures/T_White_Linear.uexp" 1360
"../../../Engine/Plugins/Interchange/Assets/Content/gltf/MaterialFunctions/MF_MetallicRoughness.uasset" 1361
"../../../Engine/Plugins/Interchange/Assets/Content/gltf/MaterialFunctions/MF_MetallicRoughness.uexp" 1362
"../../../Engine/Content/Functions/Engine_MaterialFunctions02/Math/Transform3x3Matrix.uasset" 1363
"../../../Engine/Content/Functions/Engine_MaterialFunctions02/Math/Transform3x3Matrix.uexp" 1364
"../../../Engine/Plugins/Interchange/Assets/Content/gltf/MaterialFunctions/MF_RotateNormals_TS.uasset" 1365
"../../../Engine/Plugins/Interchange/Assets/Content/gltf/MaterialFunctions/MF_RotateNormals_TS.uexp" 1366
"../../../Engine/Plugins/Interchange/Assets/Content/gltf/MaterialFunctions/MF_ScaleNormal.uasset" 1367
"../../../Engine/Plugins/Interchange/Assets/Content/gltf/MaterialFunctions/MF_ScaleNormal.uexp" 1368
"../../../Engine/Plugins/Interchange/Assets/Content/gltf/Textures/T_Generic_N.uasset" 1369
"../../../Engine/Plugins/Interchange/Assets/Content/gltf/Textures/T_Generic_N.uexp" 1370
"../../../Engine/Plugins/Interchange/Assets/Content/gltf/MaterialFunctions/MF_Normals.uasset" 1371
"../../../Engine/Plugins/Interchange/Assets/Content/gltf/MaterialFunctions/MF_Normals.uexp" 1372
"../../../Engine/Plugins/Interchange/Assets/Content/gltf/MaterialFunctions/MF_Occlusion.uasset" 1373
"../../../Engine/Plugins/Interchange/Assets/Content/gltf/MaterialFunctions/MF_Occlusion.uexp" 1374
"../../../Engine/Plugins/Interchange/Assets/Content/gltf/MaterialFunctions/MF_Specular.uasset" 1375
"../../../Engine/Plugins/Interchange/Assets/Content/gltf/MaterialFunctions/MF_Specular.uexp" 1376
"../../../Engine/Plugins/Interchange/Assets/Content/gltf/Textures/T_Anisotropy_Direction_Linear.uasset" 1377
"../../../Engine/Plugins/Interchange/Assets/Content/gltf/Textures/T_Anisotropy_Direction_Linear.uexp" 1378
"../../../Engine/Plugins/Interchange/Assets/Content/gltf/MaterialFunctions/MF_SpecularAnisotropy.uasset" 1379
"../../../Engine/Plugins/Interchange/Assets/Content/gltf/MaterialFunctions/MF_SpecularAnisotropy.uexp" 1380
"../../../Engine/Plugins/Interchange/Assets/Content/gltf/MaterialFunctions/MF_Emissive.uasset" 1381
"../../../Engine/Plugins/Interchange/Assets/Content/gltf/MaterialFunctions/MF_Emissive.uexp" 1382
"../../../Engine/Content/Functions/Engine_MaterialFunctions01/Texturing/FlattenNormal.uasset" 1383
"../../../Engine/Content/Functions/Engine_MaterialFunctions01/Texturing/FlattenNormal.uexp" 1384
"../../../Engine/Plugins/Interchange/Assets/Content/gltf/MaterialFunctions/MF_Clearcoat.uasset" 1385
"../../../Engine/Plugins/Interchange/Assets/Content/gltf/MaterialFunctions/MF_Clearcoat.uexp" 1386
"../../../Engine/Plugins/Interchange/Assets/Content/gltf/MaterialBodies/MF_ClearCoat_Body.uasset" 1387
"../../../Engine/Plugins/Interchange/Assets/Content/gltf/MaterialBodies/MF_ClearCoat_Body.uexp" 1388
"../../../Engine/Plugins/Interchange/Assets/Content/gltf/M_ClearCoat.uasset" 1389
"../../../Engine/Plugins/Interchange/Assets/Content/gltf/M_ClearCoat.uexp" 1390
"../../../Engine/Plugins/Interchange/Assets/Content/gltf/MaterialInstances/MI_ClearCoat_Blend.uasset" 1391
"../../../Engine/Plugins/Interchange/Assets/Content/gltf/MaterialInstances/MI_ClearCoat_Blend.uexp" 1392
"../../../Engine/Plugins/Interchange/Assets/Content/gltf/MaterialInstances/MI_ClearCoat_Blend_DS.uasset" 1393
"../../../Engine/Plugins/Interchange/Assets/Content/gltf/MaterialInstances/MI_ClearCoat_Blend_DS.uexp" 1394
"../../../Engine/Plugins/Interchange/Assets/Content/gltf/MaterialInstances/MI_ClearCoat_Mask.uasset" 1395
"../../../Engine/Plugins/Interchange/Assets/Content/gltf/MaterialInstances/MI_ClearCoat_Mask.uexp" 1396
"../../../Engine/Plugins/Interchange/Assets/Content/gltf/MaterialInstances/MI_ClearCoat_Mask_DS.uasset" 1397
"../../../Engine/Plugins/Interchange/Assets/Content/gltf/MaterialInstances/MI_ClearCoat_Mask_DS.uexp" 1398
"../../../Engine/Plugins/Interchange/Assets/Content/gltf/MaterialInstances/MI_ClearCoat_Opaque.uasset" 1399
"../../../Engine/Plugins/Interchange/Assets/Content/gltf/MaterialInstances/MI_ClearCoat_Opaque.uexp" 1400
"../../../Engine/Plugins/Interchange/Assets/Content/gltf/MaterialInstances/MI_ClearCoat_Opaque_DS.uasset" 1401
"../../../Engine/Plugins/Interchange/Assets/Content/gltf/MaterialInstances/MI_ClearCoat_Opaque_DS.uexp" 1402
"../../../Engine/Plugins/Interchange/Assets/Content/gltf/MaterialBodies/MF_Default_Body.uasset" 1403
"../../../Engine/Plugins/Interchange/Assets/Content/gltf/MaterialBodies/MF_Default_Body.uexp" 1404
"../../../Engine/Plugins/Interchange/Assets/Content/gltf/M_Default.uasset" 1405
"../../../Engine/Plugins/Interchange/Assets/Content/gltf/M_Default.uexp" 1406
"../../../Engine/Plugins/Interchange/Assets/Content/gltf/MaterialInstances/MI_Default_Blend.uasset" 1407
"../../../Engine/Plugins/Interchange/Assets/Content/gltf/MaterialInstances/MI_Default_Blend.uexp" 1408
"../../../Engine/Plugins/Interchange/Assets/Content/gltf/MaterialInstances/MI_Default_Blend_DS.uasset" 1409
"../../../Engine/Plugins/Interchange/Assets/Content/gltf/MaterialInstances/MI_Default_Blend_DS.uexp" 1410
"../../../Engine/Plugins/Interchange/Assets/Content/gltf/MaterialInstances/MI_Default_Mask.uasset" 1411
"../../../Engine/Plugins/Interchange/Assets/Content/gltf/MaterialInstances/MI_Default_Mask.uexp" 1412
"../../../Engine/Plugins/Interchange/Assets/Content/gltf/MaterialInstances/MI_Default_Mask_DS.uasset" 1413
"../../../Engine/Plugins/Interchange/Assets/Content/gltf/MaterialInstances/MI_Default_Mask_DS.uexp" 1414
"../../../Engine/Plugins/Interchange/Assets/Content/gltf/MaterialInstances/MI_Default_Opaque.uasset" 1415
"../../../Engine/Plugins/Interchange/Assets/Content/gltf/MaterialInstances/MI_Default_Opaque.uexp" 1416
"../../../Engine/Plugins/Interchange/Assets/Content/gltf/MaterialInstances/MI_Default_Opaque_DS.uasset" 1417
"../../../Engine/Plugins/Interchange/Assets/Content/gltf/MaterialInstances/MI_Default_Opaque_DS.uexp" 1418
"../../../Engine/Plugins/Interchange/Assets/Content/gltf/MaterialFunctions/MF_Sheen.uasset" 1419
"../../../Engine/Plugins/Interchange/Assets/Content/gltf/MaterialFunctions/MF_Sheen.uexp" 1420
"../../../Engine/Plugins/Interchange/Assets/Content/gltf/MaterialBodies/MF_Sheen_Body.uasset" 1421
"../../../Engine/Plugins/Interchange/Assets/Content/gltf/MaterialBodies/MF_Sheen_Body.uexp" 1422
"../../../Engine/Plugins/Interchange/Assets/Content/gltf/M_Sheen.uasset" 1423
"../../../Engine/Plugins/Interchange/Assets/Content/gltf/M_Sheen.uexp" 1424
"../../../Engine/Plugins/Interchange/Assets/Content/gltf/MaterialInstances/MI_Sheen_Blend.uasset" 1425
"../../../Engine/Plugins/Interchange/Assets/Content/gltf/MaterialInstances/MI_Sheen_Blend.uexp" 1426
"../../../Engine/Plugins/Interchange/Assets/Content/gltf/MaterialInstances/MI_Sheen_Blend_DS.uasset" 1427
"../../../Engine/Plugins/Interchange/Assets/Content/gltf/MaterialInstances/MI_Sheen_Blend_DS.uexp" 1428
"../../../Engine/Plugins/Interchange/Assets/Content/gltf/MaterialInstances/MI_Sheen_Mask.uasset" 1429
"../../../Engine/Plugins/Interchange/Assets/Content/gltf/MaterialInstances/MI_Sheen_Mask.uexp" 1430
"../../../Engine/Plugins/Interchange/Assets/Content/gltf/MaterialInstances/MI_Sheen_Mask_DS.uasset" 1431
"../../../Engine/Plugins/Interchange/Assets/Content/gltf/MaterialInstances/MI_Sheen_Mask_DS.uexp" 1432
"../../../Engine/Plugins/Interchange/Assets/Content/gltf/MaterialInstances/MI_Sheen_Opaque.uasset" 1433
"../../../Engine/Plugins/Interchange/Assets/Content/gltf/MaterialInstances/MI_Sheen_Opaque.uexp" 1434
"../../../Engine/Plugins/Interchange/Assets/Content/gltf/MaterialInstances/MI_Sheen_Opaque_DS.uasset" 1435
"../../../Engine/Plugins/Interchange/Assets/Content/gltf/MaterialInstances/MI_Sheen_Opaque_DS.uexp" 1436
"../../../Engine/Content/Functions/Engine_MaterialFunctions02/Math/AddComponents.uasset" 1437
"../../../Engine/Content/Functions/Engine_MaterialFunctions02/Math/AddComponents.uexp" 1438
"../../../Engine/Plugins/Interchange/Assets/Content/gltf/MaterialFunctions/MF_DiffuseSpecGloss.uasset" 1439
"../../../Engine/Plugins/Interchange/Assets/Content/gltf/MaterialFunctions/MF_DiffuseSpecGloss.uexp" 1440
"../../../Engine/Plugins/Interchange/Assets/Content/gltf/MaterialFunctions/MF_MaxComponentValue.uasset" 1441
"../../../Engine/Plugins/Interchange/Assets/Content/gltf/MaterialFunctions/MF_MaxComponentValue.uexp" 1442
"../../../Engine/Plugins/Interchange/Assets/Content/gltf/MaterialFunctions/MF_PerceivedBrightness.uasset" 1443
"../../../Engine/Plugins/Interchange/Assets/Content/gltf/MaterialFunctions/MF_PerceivedBrightness.uexp" 1444
"../../../Engine/Plugins/Interchange/Assets/Content/gltf/MaterialFunctions/MF_SpecGlossToMetalRoughness.uasset" 1445
"../../../Engine/Plugins/Interchange/Assets/Content/gltf/MaterialFunctions/MF_SpecGlossToMetalRoughness.uexp" 1446
"../../../Engine/Plugins/Interchange/Assets/Content/gltf/MaterialBodies/MF_SpecularGlossiness_Body.uasset" 1447
"../../../Engine/Plugins/Interchange/Assets/Content/gltf/MaterialBodies/MF_SpecularGlossiness_Body.uexp" 1448
"../../../Engine/Plugins/Interchange/Assets/Content/gltf/M_SpecularGlossiness.uasset" 1449
"../../../Engine/Plugins/Interchange/Assets/Content/gltf/M_SpecularGlossiness.uexp" 1450
"../../../Engine/Plugins/Interchange/Assets/Content/gltf/MaterialInstances/MI_SpecularGlossiness_Blend.uasset" 1451
"../../../Engine/Plugins/Interchange/Assets/Content/gltf/MaterialInstances/MI_SpecularGlossiness_Blend.uexp" 1452
"../../../Engine/Plugins/Interchange/Assets/Content/gltf/MaterialInstances/MI_SpecularGlossiness_Blend_DS.uasset" 1453
"../../../Engine/Plugins/Interchange/Assets/Content/gltf/MaterialInstances/MI_SpecularGlossiness_Blend_DS.uexp" 1454
"../../../Engine/Plugins/Interchange/Assets/Content/gltf/MaterialInstances/MI_SpecularGlossiness_Mask.uasset" 1455
"../../../Engine/Plugins/Interchange/Assets/Content/gltf/MaterialInstances/MI_SpecularGlossiness_Mask.uexp" 1456
"../../../Engine/Plugins/Interchange/Assets/Content/gltf/MaterialInstances/MI_SpecularGlossiness_Mask_DS.uasset" 1457
"../../../Engine/Plugins/Interchange/Assets/Content/gltf/MaterialInstances/MI_SpecularGlossiness_Mask_DS.uexp" 1458
"../../../Engine/Plugins/Interchange/Assets/Content/gltf/MaterialInstances/MI_SpecularGlossiness_Opaque.uasset" 1459
"../../../Engine/Plugins/Interchange/Assets/Content/gltf/MaterialInstances/MI_SpecularGlossiness_Opaque.uexp" 1460
"../../../Engine/Plugins/Interchange/Assets/Content/gltf/MaterialInstances/MI_SpecularGlossiness_Opaque_DS.uasset" 1461
"../../../Engine/Plugins/Interchange/Assets/Content/gltf/MaterialInstances/MI_SpecularGlossiness_Opaque_DS.uexp" 1462
"../../../Engine/Content/EngineMaterials/Good64x64TilingNoiseHighFreq.uasset" 1463
"../../../Engine/Content/EngineMaterials/Good64x64TilingNoiseHighFreq.uexp" 1464
"../../../Engine/Content/Functions/Engine_MaterialFunctions02/Texturing/ScreenAlignedPixelToPixelUVs.uasset" 1465
"../../../Engine/Content/Functions/Engine_MaterialFunctions02/Texturing/ScreenAlignedPixelToPixelUVs.uexp" 1466
"../../../Engine/Plugins/Interchange/Assets/Content/gltf/MaterialFunctions/MF_Fresnel_DS.uasset" 1467
"../../../Engine/Plugins/Interchange/Assets/Content/gltf/MaterialFunctions/MF_Fresnel_DS.uexp" 1468
"../../../Engine/Plugins/Interchange/Assets/Content/gltf/MaterialFunctions/MF_Temporal_Blur.uasset" 1469
"../../../Engine/Plugins/Interchange/Assets/Content/gltf/MaterialFunctions/MF_Temporal_Blur.uexp" 1470
"../../../Engine/Plugins/Interchange/Assets/Content/gltf/MaterialFunctions/MF_Transmission.uasset" 1471
"../../../Engine/Plugins/Interchange/Assets/Content/gltf/MaterialFunctions/MF_Transmission.uexp" 1472
"../../../Engine/Plugins/Interchange/Assets/Content/gltf/MaterialBodies/MF_Transmission_Body.uasset" 1473
"../../../Engine/Plugins/Interchange/Assets/Content/gltf/MaterialBodies/MF_Transmission_Body.uexp" 1474
"../../../Engine/Plugins/Interchange/Assets/Content/gltf/M_Transmission.uasset" 1475
"../../../Engine/Plugins/Interchange/Assets/Content/gltf/M_Transmission.uexp" 1476
"../../../Engine/Plugins/Interchange/Assets/Content/gltf/MaterialInstances/MI_Transmission.uasset" 1477
"../../../Engine/Plugins/Interchange/Assets/Content/gltf/MaterialInstances/MI_Transmission.uexp" 1478
"../../../Engine/Plugins/Interchange/Assets/Content/gltf/MaterialInstances/MI_Transmission_DS.uasset" 1479
"../../../Engine/Plugins/Interchange/Assets/Content/gltf/MaterialInstances/MI_Transmission_DS.uexp" 1480
"../../../Engine/Plugins/Interchange/Assets/Content/gltf/MaterialBodies/MF_Unlit_Body.uasset" 1481
"../../../Engine/Plugins/Interchange/Assets/Content/gltf/MaterialBodies/MF_Unlit_Body.uexp" 1482
"../../../Engine/Plugins/Interchange/Assets/Content/gltf/M_Unlit.uasset" 1483
"../../../Engine/Plugins/Interchange/Assets/Content/gltf/M_Unlit.uexp" 1484
"../../../Engine/Plugins/Interchange/Assets/Content/gltf/MaterialInstances/MI_Unlit_Blend.uasset" 1485
"../../../Engine/Plugins/Interchange/Assets/Content/gltf/MaterialInstances/MI_Unlit_Blend.uexp" 1486
"../../../Engine/Plugins/Interchange/Assets/Content/gltf/MaterialInstances/MI_Unlit_Blend_DS.uasset" 1487
"../../../Engine/Plugins/Interchange/Assets/Content/gltf/MaterialInstances/MI_Unlit_Blend_DS.uexp" 1488
"../../../Engine/Plugins/Interchange/Assets/Content/gltf/MaterialInstances/MI_Unlit_Mask.uasset" 1489
"../../../Engine/Plugins/Interchange/Assets/Content/gltf/MaterialInstances/MI_Unlit_Mask.uexp" 1490
"../../../Engine/Plugins/Interchange/Assets/Content/gltf/MaterialInstances/MI_Unlit_Mask_DS.uasset" 1491
"../../../Engine/Plugins/Interchange/Assets/Content/gltf/MaterialInstances/MI_Unlit_Mask_DS.uexp" 1492
"../../../Engine/Plugins/Interchange/Assets/Content/gltf/MaterialInstances/MI_Unlit_Opaque.uasset" 1493
"../../../Engine/Plugins/Interchange/Assets/Content/gltf/MaterialInstances/MI_Unlit_Opaque.uexp" 1494
"../../../Engine/Plugins/Interchange/Assets/Content/gltf/MaterialInstances/MI_Unlit_Opaque_DS.uasset" 1495
"../../../Engine/Plugins/Interchange/Assets/Content/gltf/MaterialInstances/MI_Unlit_Opaque_DS.uexp" 1496
"../../../Engine/Content/EngineResources/DefaultTextureCube.uasset" 1497
"../../../Engine/Content/EngineResources/DefaultTextureCube.uexp" 1498
"../../../Engine/Content/EngineMaterials/WeightMapPlaceholderTexture.uasset" 1499
"../../../Engine/Content/EngineMaterials/WeightMapPlaceholderTexture.uexp" 1500
"../../../Engine/Content/EngineMaterials/WeightMapArrayPlaceholderTexture.uasset" 1501
"../../../Engine/Content/EngineMaterials/WeightMapArrayPlaceholderTexture.uexp" 1502
"../../../Engine/Content/EngineMaterials/Widget3DPassThrough.uasset" 1503
"../../../Engine/Content/EngineMaterials/Widget3DPassThrough.uexp" 1504
"../../../Engine/Content/EngineMaterials/Widget3DPassThrough_Masked.uasset" 1505
"../../../Engine/Content/EngineMaterials/Widget3DPassThrough_Masked.uexp" 1506
"../../../Engine/Content/EngineMaterials/Widget3DPassThrough_Opaque.uasset" 1507
"../../../Engine/Content/EngineMaterials/Widget3DPassThrough_Opaque.uexp" 1508
"../../../Engine/Content/EngineMaterials/Widget3DPassThrough_Masked_OneSided.uasset" 1509
"../../../Engine/Content/EngineMaterials/Widget3DPassThrough_Masked_OneSided.uexp" 1510
"../../../Engine/Content/EngineMaterials/Widget3DPassThrough_Opaque_OneSided.uasset" 1511
"../../../Engine/Content/EngineMaterials/Widget3DPassThrough_Opaque_OneSided.uexp" 1512
"../../../Engine/Content/EngineMaterials/Widget3DPassThrough_Translucent.uasset" 1513
"../../../Engine/Content/EngineMaterials/Widget3DPassThrough_Translucent.uexp" 1514
"../../../Engine/Content/EngineMaterials/Widget3DPassThrough_Translucent_OneSided.uasset" 1515
"../../../Engine/Content/EngineMaterials/Widget3DPassThrough_Translucent_OneSided.uexp" 1516
"../../../Engine/Content/TemplateResources/M_Template_Master.uasset" 1517
"../../../Engine/Content/TemplateResources/M_Template_Master.uexp" 1518
"../../../Engine/Content/TemplateResources/MI_Template_BaseGray_Metal.uasset" 1519
"../../../Engine/Content/TemplateResources/MI_Template_BaseGray_Metal.uexp" 1520
"../../../Engine/Content/EditorLandscapeResources/ColorMaskBrushMaterial.uasset" 1521
"../../../Engine/Content/EditorLandscapeResources/ColorMaskBrushMaterial.uexp" 1522
"../../../Engine/Content/EditorLandscapeResources/ColorMaskBrushMaterial_MaskedRegion.uasset" 1523
"../../../Engine/Content/EditorLandscapeResources/ColorMaskBrushMaterial_MaskedRegion.uexp" 1524
"../../../Engine/Content/Functions/Engine_MaterialFunctions03/Math/WithinRangeFloat2.uasset" 1525
"../../../Engine/Content/Functions/Engine_MaterialFunctions03/Math/WithinRangeFloat2.uexp" 1526
"../../../Engine/Content/EditorLandscapeResources/MaskBrushMaterial.uasset" 1527
"../../../Engine/Content/EditorLandscapeResources/MaskBrushMaterial.uexp" 1528
"../../../Engine/Content/EditorLandscapeResources/MaskBrushMaterial_MaskedRegion.uasset" 1529
"../../../Engine/Content/EditorLandscapeResources/MaskBrushMaterial_MaskedRegion.uexp" 1530
"../../../Engine/Content/EditorLandscapeResources/SelectBrushMaterial.uasset" 1531
"../../../Engine/Content/EditorLandscapeResources/SelectBrushMaterial.uexp" 1532
"../../../Engine/Content/EditorLandscapeResources/SelectBrushMaterial_Selected.uasset" 1533
"../../../Engine/Content/EditorLandscapeResources/SelectBrushMaterial_Selected.uexp" 1534
"../../../Engine/Content/EditorLandscapeResources/SelectBrushMaterial_SelectedRegion.uasset" 1535
"../../../Engine/Content/EditorLandscapeResources/SelectBrushMaterial_SelectedRegion.uexp" 1536
"../../../Engine/Content/EditorLandscapeResources/SplineEditorMeshMat.uasset" 1537
"../../../Engine/Content/EditorLandscapeResources/SplineEditorMeshMat.uexp" 1538
"../../../Engine/Content/EditorLandscapeResources/SplineEditorMesh.ubulk" 1539
"../../../Engine/Content/EditorLandscapeResources/SplineEditorMesh.uasset" 1540
"../../../Engine/Content/EditorLandscapeResources/SplineEditorMesh.uexp" 1541
"../../../Engine/Content/BasicShapes/Cone.ubulk" 1542
"../../../Engine/Content/BasicShapes/Cone.uasset" 1543
"../../../Engine/Content/BasicShapes/Cone.uexp" 1544
"../../../Engine/Content/BasicShapes/Cylinder.ubulk" 1545
"../../../Engine/Content/BasicShapes/Cylinder.uasset" 1546
"../../../Engine/Content/BasicShapes/Cylinder.uexp" 1547
"../../../Engine/Content/BasicShapes/Plane.ubulk" 1548
"../../../Engine/Content/BasicShapes/Plane.uasset" 1549
"../../../Engine/Content/BasicShapes/Plane.uexp" 1550
"../../../Engine/Plugins/Media/MediaPlate/Content/SM_MediaPlateScreen.ubulk" 1551
"../../../Engine/Plugins/Media/MediaPlate/Content/SM_MediaPlateScreen.uasset" 1552
"../../../Engine/Plugins/Media/MediaPlate/Content/SM_MediaPlateScreen.uexp" 1553
"../../../Engine/Plugins/2D/Paper2D/Content/DefaultSpriteMaterial.uasset" 1554
"../../../Engine/Plugins/2D/Paper2D/Content/DefaultSpriteMaterial.uexp" 1555
"../../../Engine/Plugins/2D/Paper2D/Content/MaskedUnlitSpriteMaterial.uasset" 1556
"../../../Engine/Plugins/2D/Paper2D/Content/MaskedUnlitSpriteMaterial.uexp" 1557
"../../../Engine/Plugins/2D/Paper2D/Content/OpaqueUnlitSpriteMaterial.uasset" 1558
"../../../Engine/Plugins/2D/Paper2D/Content/OpaqueUnlitSpriteMaterial.uexp" 1559
"../../../Engine/Plugins/NNE/NNEDenoiser/Content/NNE_oidn2-3-0_rt_hdr_calb_cnrm_large__dyn__fp16_opset11_ForwardAlpha.uasset" 1560
"../../../Engine/Plugins/NNE/NNEDenoiser/Content/NNE_oidn2-3-0_rt_hdr_calb_cnrm_large__dyn__fp16_opset11_ForwardAlpha.uexp" 1561
"../../../Engine/Plugins/NNE/NNEDenoiser/Content/NNE_oidn2-3-0_rt_hdr_calb_cnrm_large__dyn__fp16_opset11_DenoiseAlpha.uasset" 1562
"../../../Engine/Plugins/NNE/NNEDenoiser/Content/NNE_oidn2-3-0_rt_hdr_calb_cnrm_large__dyn__fp16_opset11_DenoiseAlpha.uexp" 1563
"../../../Engine/Plugins/NNE/NNEDenoiser/Content/NNE_oidn2-3-0_rt_hdr_alb_nrm__dyn__fp16_opset11_ForwardAlpha.uasset" 1564
"../../../Engine/Plugins/NNE/NNEDenoiser/Content/NNE_oidn2-3-0_rt_hdr_alb_nrm__dyn__fp16_opset11_ForwardAlpha.uexp" 1565
"../../../Engine/Plugins/NNE/NNEDenoiser/Content/NNE_oidn2-3-0_rt_hdr_alb_nrm__dyn__fp16_opset11_DenoiseAlpha.uasset" 1566
"../../../Engine/Plugins/NNE/NNEDenoiser/Content/NNE_oidn2-3-0_rt_hdr_alb_nrm__dyn__fp16_opset11_DenoiseAlpha.uexp" 1567
"../../../Engine/Plugins/NNE/NNEDenoiser/Content/NNE_oidn2-3-0_rt_hdr_alb_nrm_small__dyn__fp16_opset11_ForwardAlpha.uasset" 1568
"../../../Engine/Plugins/NNE/NNEDenoiser/Content/NNE_oidn2-3-0_rt_hdr_alb_nrm_small__dyn__fp16_opset11_ForwardAlpha.uexp" 1569
"../../../Engine/Plugins/NNE/NNEDenoiser/Content/NNE_oidn2-3-0_rt_hdr_alb_nrm_small__dyn__fp16_opset11_DenoiseAlpha.uasset" 1570
"../../../Engine/Plugins/NNE/NNEDenoiser/Content/NNE_oidn2-3-0_rt_hdr_alb_nrm_small__dyn__fp16_opset11_DenoiseAlpha.uexp" 1571
"../../../Engine/Plugins/NNE/NNEDenoiser/Content/NNED_Oidn2-3_HighQuality_Alpha.uasset" 1572
"../../../Engine/Plugins/NNE/NNEDenoiser/Content/NNED_Oidn2-3_HighQuality_Alpha.uexp" 1573
"../../../Engine/Plugins/NNE/NNEDenoiser/Content/NNED_Oidn2-3_HighQuality.uasset" 1574
"../../../Engine/Plugins/NNE/NNEDenoiser/Content/NNED_Oidn2-3_HighQuality.uexp" 1575
"../../../Engine/Plugins/NNE/NNEDenoiser/Content/NNED_Oidn2-3_Fast_Alpha.uasset" 1576
"../../../Engine/Plugins/NNE/NNEDenoiser/Content/NNED_Oidn2-3_Fast_Alpha.uexp" 1577
"../../../Engine/Plugins/NNE/NNEDenoiser/Content/NNED_Oidn2-3_Fast.uasset" 1578
"../../../Engine/Plugins/NNE/NNEDenoiser/Content/NNED_Oidn2-3_Fast.uexp" 1579
"../../../Engine/Plugins/NNE/NNEDenoiser/Content/NNED_Oidn2-3_Balanced_Alpha.uasset" 1580
"../../../Engine/Plugins/NNE/NNEDenoiser/Content/NNED_Oidn2-3_Balanced_Alpha.uexp" 1581
"../../../Engine/Plugins/NNE/NNEDenoiser/Content/NNED_Oidn2-3_Balanced.uasset" 1582
"../../../Engine/Plugins/NNE/NNEDenoiser/Content/NNED_Oidn2-3_Balanced.uexp" 1583
"../../../Engine/Plugins/NNE/NNEDenoiser/Content/NNEDT_Oidn2-3_Balanced_Alpha.uasset" 1584
"../../../Engine/Plugins/NNE/NNEDenoiser/Content/NNEDT_Oidn2-3_Balanced_Alpha.uexp" 1585
"../../../Engine/Plugins/NNE/NNEDenoiser/Content/NNEDT_Oidn2-3_Balanced.uasset" 1586
"../../../Engine/Plugins/NNE/NNEDenoiser/Content/NNEDT_Oidn2-3_Balanced.uexp" 1587
"../../../Engine/Plugins/Animation/DeformerGraph/Content/DeformerFunctions/DG_Function_LinearBlendSkin_Morph_Cloth_PositionOnly.uasset" 1588
"../../../Engine/Plugins/Animation/DeformerGraph/Content/DeformerFunctions/DG_Function_LinearBlendSkin_Morph_Cloth_PositionOnly.uexp" 1589
"../../../Engine/Plugins/Animation/DeformerGraph/Content/DeformerFunctions/DG_Function_ComputeNormalsTangents.uasset" 1590
"../../../Engine/Plugins/Animation/DeformerGraph/Content/DeformerFunctions/DG_Function_ComputeNormalsTangents.uexp" 1591
"../../../Engine/Plugins/Animation/DeformerGraph/Content/Deformers/DG_LinearBlendSkin_Morph_Cloth_RecomputeNormals.uasset" 1592
"../../../Engine/Plugins/Animation/DeformerGraph/Content/Deformers/DG_LinearBlendSkin_Morph_Cloth_RecomputeNormals.uexp" 1593
"../../../Engine/Plugins/Animation/DeformerGraph/Content/DeformerFunctions/DG_Function_LinearBlendSkin_Morph_Cloth.uasset" 1594
"../../../Engine/Plugins/Animation/DeformerGraph/Content/DeformerFunctions/DG_Function_LinearBlendSkin_Morph_Cloth.uexp" 1595
"../../../Engine/Plugins/Animation/DeformerGraph/Content/Deformers/DG_LinearBlendSkin_Morph_Cloth.uasset" 1596
"../../../Engine/Plugins/Animation/DeformerGraph/Content/Deformers/DG_LinearBlendSkin_Morph_Cloth.uexp" 1597
"../../../Engine/Content/VREditor/TransformGizmo/TranslucentTransformGizmoMaterial_Inst.uasset" 1598
"../../../Engine/Content/VREditor/TransformGizmo/TranslucentTransformGizmoMaterial_Inst.uexp" 1599
"../../../Engine/Content/VREditor/Sounds/UI/Drop_Item_From_ContentBrowser.ubulk" 1600
"../../../Engine/Content/VREditor/Sounds/UI/Drop_Item_From_ContentBrowser.uasset" 1601
"../../../Engine/Content/VREditor/Sounds/UI/Drop_Item_From_ContentBrowser.uexp" 1602
"../../../Engine/Content/VREditor/TransformGizmo/TransformGizmoMaterial_Inst.uasset" 1603
"../../../Engine/Content/VREditor/TransformGizmo/TransformGizmoMaterial_Inst.uexp" 1604
"../../../Engine/Content/VREditor/TransformGizmo/UniformScaleHandle.ubulk" 1605
"../../../Engine/Content/VREditor/TransformGizmo/UniformScaleHandle.uasset" 1606
"../../../Engine/Content/VREditor/TransformGizmo/UniformScaleHandle.uexp" 1607
"../../../Engine/Content/Functions/Engine_MaterialFunctions02/SplitComponents.uasset" 1608
"../../../Engine/Content/Functions/Engine_MaterialFunctions02/SplitComponents.uexp" 1609
"../../../Engine/Content/VREditor/SnapGrid/SnapGridMaterial.uasset" 1610
"../../../Engine/Content/VREditor/SnapGrid/SnapGridMaterial.uexp" 1611
"../../../Engine/Content/VREditor/SnapGrid/SnapGridPlaneMesh.ubulk" 1612
"../../../Engine/Content/VREditor/SnapGrid/SnapGridPlaneMesh.uasset" 1613
"../../../Engine/Content/VREditor/SnapGrid/SnapGridPlaneMesh.uexp" 1614
"../../../Engine/Content/VREditor/Sounds/UI/Gizmo_Handle_Clicked.ubulk" 1615
"../../../Engine/Content/VREditor/Sounds/UI/Gizmo_Handle_Clicked.uasset" 1616
"../../../Engine/Content/VREditor/Sounds/UI/Gizmo_Handle_Clicked.uexp" 1617
"../../../Engine/Content/VREditor/Sounds/UI/Object_PickUp.ubulk" 1618
"../../../Engine/Content/VREditor/Sounds/UI/Object_PickUp.uasset" 1619
"../../../Engine/Content/VREditor/Sounds/UI/Object_PickUp.uexp" 1620
"../../../Engine/Content/VREditor/Sounds/UI/Object_Snaps_To_Another_Actor.ubulk" 1621
"../../../Engine/Content/VREditor/Sounds/UI/Object_Snaps_To_Another_Actor.uasset" 1622
"../../../Engine/Content/VREditor/Sounds/UI/Object_Snaps_To_Another_Actor.uexp" 1623
"../../../Engine/Content/VREditor/Sounds/UI/Object_Snaps_To_Grid.ubulk" 1624
"../../../Engine/Content/VREditor/Sounds/UI/Object_Snaps_To_Grid.uasset" 1625
"../../../Engine/Content/VREditor/Sounds/UI/Object_Snaps_To_Grid.uexp" 1626
"../../../Engine/Content/VREditor/Sounds/UI/Scaling_Down.ubulk" 1627
"../../../Engine/Content/VREditor/Sounds/UI/Scaling_Down.uasset" 1628
"../../../Engine/Content/VREditor/Sounds/UI/Scaling_Down.uexp" 1629
"../../../Engine/Content/VREditor/Sounds/UI/Scaling_Up.ubulk" 1630
"../../../Engine/Content/VREditor/Sounds/UI/Scaling_Up.uasset" 1631
"../../../Engine/Content/VREditor/Sounds/UI/Scaling_Up.uexp" 1632
"../../../Engine/Content/VREditor/Sounds/UI/Selection_Changes.ubulk" 1633
"../../../Engine/Content/VREditor/Sounds/UI/Selection_Changes.uasset" 1634
"../../../Engine/Content/VREditor/Sounds/UI/Selection_Changes.uexp" 1635
"../../../Engine/Content/VREditor/TransformGizmo/PlaneTranslationHandle.ubulk" 1636
"../../../Engine/Content/VREditor/TransformGizmo/PlaneTranslationHandle.uasset" 1637
"../../../Engine/Content/VREditor/TransformGizmo/PlaneTranslationHandle.uexp" 1638
"../../../Engine/Content/VREditor/TransformGizmo/RotationHandleFull.ubulk" 1639
"../../../Engine/Content/VREditor/TransformGizmo/RotationHandleFull.uasset" 1640
"../../../Engine/Content/VREditor/TransformGizmo/RotationHandleFull.uexp" 1641
"../../../Engine/Content/VREditor/TransformGizmo/RotationHandleIndicator.ubulk" 1642
"../../../Engine/Content/VREditor/TransformGizmo/RotationHandleIndicator.uasset" 1643
"../../../Engine/Content/VREditor/TransformGizmo/RotationHandleIndicator.uexp" 1644
"../../../Engine/Content/VREditor/TransformGizmo/RotationHandleQuarter.ubulk" 1645
"../../../Engine/Content/VREditor/TransformGizmo/RotationHandleQuarter.uasset" 1646
"../../../Engine/Content/VREditor/TransformGizmo/RotationHandleQuarter.uexp" 1647
"../../../Engine/Content/VREditor/TransformGizmo/StartRotationHandleIndicator.ubulk" 1648
"../../../Engine/Content/VREditor/TransformGizmo/StartRotationHandleIndicator.uasset" 1649
"../../../Engine/Content/VREditor/TransformGizmo/StartRotationHandleIndicator.uexp" 1650
"../../../Engine/Content/VREditor/TransformGizmo/TransformGizmoFreeRotation.ubulk" 1651
"../../../Engine/Content/VREditor/TransformGizmo/TransformGizmoFreeRotation.uasset" 1652
"../../../Engine/Content/VREditor/TransformGizmo/TransformGizmoFreeRotation.uexp" 1653
"../../../Engine/Content/VREditor/TransformGizmo/TranslateArrowHandle.ubulk" 1654
"../../../Engine/Content/VREditor/TransformGizmo/TranslateArrowHandle.uasset" 1655
"../../../Engine/Content/VREditor/TransformGizmo/TranslateArrowHandle.uexp" 1656
"../../../Engine/Content/EngineResources/LandscapeVisibilityLayerInfo.uasset" 1657
"../../../Engine/Content/EngineResources/LandscapeVisibilityLayerInfo.uexp" 1658
"../../../Engine/Content/EngineSky/T_Sky_Stars.ubulk" 1659
"../../../Engine/Content/EngineSky/T_Sky_Stars.uasset" 1660
"../../../Engine/Content/EngineSky/T_Sky_Stars.uexp" 1661
"../../../Engine/Content/EngineSky/T_Sky_Clouds_M.ubulk" 1662
"../../../Engine/Content/EngineSky/T_Sky_Clouds_M.uasset" 1663
"../../../Engine/Content/EngineSky/T_Sky_Clouds_M.uexp" 1664
"../../../Engine/Content/EngineSky/T_Sky_Blue.ubulk" 1665
"../../../Engine/Content/EngineSky/T_Sky_Blue.uasset" 1666
"../../../Engine/Content/EngineSky/T_Sky_Blue.uexp" 1667
"../../../Engine/Content/EngineSky/M_Sky_Panning_Clouds2.uasset" 1668
"../../../Engine/Content/EngineSky/M_Sky_Panning_Clouds2.uexp" 1669
"../../../Engine/Content/EngineSky/SM_SkySphere.ubulk" 1670
"../../../Engine/Content/EngineSky/SM_SkySphere.uasset" 1671
"../../../Engine/Content/EngineSky/SM_SkySphere.uexp" 1672
"../../../Engine/Content/EngineSky/M_SimpleSkyDome.uasset" 1673
"../../../Engine/Content/EngineSky/M_SimpleSkyDome.uexp" 1674
"../../../Engine/Content/MapTemplates/SM_Template_Map_Floor.ubulk" 1675
"../../../Engine/Content/MapTemplates/SM_Template_Map_Floor.uasset" 1676
"../../../Engine/Content/MapTemplates/SM_Template_Map_Floor.uexp" 1677
"../../../Engine/Content/EngineSky/VolumetricClouds/VT_PerlinWorley_Balanced.uasset" 1678
"../../../Engine/Content/EngineSky/VolumetricClouds/VT_PerlinWorley_Balanced.uexp" 1679
"../../../Engine/Content/EngineSky/VolumetricClouds/T_Profile_08.ubulk" 1680
"../../../Engine/Content/EngineSky/VolumetricClouds/T_Profile_08.uasset" 1681
"../../../Engine/Content/EngineSky/VolumetricClouds/T_Profile_08.uexp" 1682
"../../../Engine/Content/EngineSky/VolumetricClouds/T_CloudPattern.ubulk" 1683
"../../../Engine/Content/EngineSky/VolumetricClouds/T_CloudPattern.uasset" 1684
"../../../Engine/Content/EngineSky/VolumetricClouds/T_CloudPattern.uexp" 1685
"../../../Engine/Content/EngineSky/VolumetricClouds/T_CloudMask.ubulk" 1686
"../../../Engine/Content/EngineSky/VolumetricClouds/T_CloudMask.uasset" 1687
"../../../Engine/Content/EngineSky/VolumetricClouds/T_CloudMask.uexp" 1688
"../../../Engine/Content/Functions/Engine_MaterialFunctions02/Utility/BreakOutFloat4Components.uasset" 1689
"../../../Engine/Content/Functions/Engine_MaterialFunctions02/Utility/BreakOutFloat4Components.uexp" 1690
"../../../Engine/Content/EngineResources/DefaultVolumeTexture2D.uasset" 1691
"../../../Engine/Content/EngineResources/DefaultVolumeTexture2D.uexp" 1692
"../../../Engine/Content/EngineResources/DefaultVolumeTexture.uasset" 1693
"../../../Engine/Content/EngineResources/DefaultVolumeTexture.uexp" 1694
"../../../Engine/Content/Functions/Engine_MaterialFunctions02/Utility/MakeFloat4.uasset" 1695
"../../../Engine/Content/Functions/Engine_MaterialFunctions02/Utility/MakeFloat4.uexp" 1696
"../../../Engine/Content/EngineSky/VolumetricClouds/VT_Lightning.uasset" 1697
"../../../Engine/Content/EngineSky/VolumetricClouds/VT_Lightning.uexp" 1698
"../../../Engine/Content/Functions/Engine_MaterialFunctions01/Units/Km-to-Cm.uasset" 1699
"../../../Engine/Content/Functions/Engine_MaterialFunctions01/Units/Km-to-Cm.uexp" 1700
"../../../Engine/Content/EngineSky/VolumetricClouds/m_SimpleVolumetricCloud.uasset" 1701
"../../../Engine/Content/EngineSky/VolumetricClouds/m_SimpleVolumetricCloud.uexp" 1702
"../../../Engine/Content/EngineSky/VolumetricClouds/m_SimpleVolumetricCloud_Inst.uasset" 1703
"../../../Engine/Content/EngineSky/VolumetricClouds/m_SimpleVolumetricCloud_Inst.uexp" 1704
"../../../Engine/Content/EngineMaterials/BlendFunc_DefBlend.uasset" 1705
"../../../Engine/Content/EngineMaterials/BlendFunc_DefBlend.uexp" 1706
"../../../Engine/Content/EngineMaterials/BlendFunc_DefBase.uasset" 1707
"../../../Engine/Content/EngineMaterials/BlendFunc_DefBase.uexp" 1708
"../../../Engine/Content/Functions/Engine_MaterialFunctions03/Blends/Blend_Overlay.uasset" 1709
"../../../Engine/Content/Functions/Engine_MaterialFunctions03/Blends/Blend_Overlay.uexp" 1710
"../../../Engine/Content/OpenWorldTemplate/LandscapeMaterial/T_GridChecker_A.ubulk" 1711
"../../../Engine/Content/OpenWorldTemplate/LandscapeMaterial/T_GridChecker_A.uasset" 1712
"../../../Engine/Content/OpenWorldTemplate/LandscapeMaterial/T_GridChecker_A.uexp" 1713
"../../../Engine/Content/OpenWorldTemplate/LandscapeMaterial/MF_ProcGrid.uasset" 1714
"../../../Engine/Content/OpenWorldTemplate/LandscapeMaterial/MF_ProcGrid.uexp" 1715
"../../../Engine/Content/OpenWorldTemplate/LandscapeMaterial/M_ProcGrid.uasset" 1716
"../../../Engine/Content/OpenWorldTemplate/LandscapeMaterial/M_ProcGrid.uexp" 1717
"../../../Engine/Content/OpenWorldTemplate/LandscapeMaterial/MI_ProcGrid.uasset" 1718
"../../../Engine/Content/OpenWorldTemplate/LandscapeMaterial/MI_ProcGrid.uexp" 1719
"C:/Users/Owner/Documents/Unreal Projects/SubstationNine/Content/Widgets/CreditsMenu_WBP.uasset" 1720
"C:/Users/Owner/Documents/Unreal Projects/SubstationNine/Content/Widgets/CreditsMenu_WBP.uexp" 1721
"C:/Users/Owner/Documents/Unreal Projects/SubstationNine/Content/Widgets/MainMenu_WBP.uasset" 1722
"C:/Users/Owner/Documents/Unreal Projects/SubstationNine/Content/Widgets/MainMenu_WBP.uexp" 1723
"C:/Users/Owner/Documents/Unreal Projects/SubstationNine/Content/BPs/MainMenuTerminal_BP.uasset" 1724
"C:/Users/Owner/Documents/Unreal Projects/SubstationNine/Content/BPs/MainMenuTerminal_BP.uexp" 1725
"C:/Users/Owner/Documents/Unreal Projects/SubstationNine/Content/Audio/Wavs/station9.ubulk" 1726
"C:/Users/Owner/Documents/Unreal Projects/SubstationNine/Content/Audio/Wavs/station9.uasset" 1727
"C:/Users/Owner/Documents/Unreal Projects/SubstationNine/Content/Audio/Wavs/station9.uexp" 1728
"C:/Users/Owner/Documents/Unreal Projects/SubstationNine/Content/Audio/Cues/station9_Cue.uasset" 1729
"C:/Users/Owner/Documents/Unreal Projects/SubstationNine/Content/Audio/Cues/station9_Cue.uexp" 1730
"C:/Users/Owner/Documents/Unreal Projects/SubstationNine/Content/MainMenu.uexp" 1731
"C:/Users/Owner/Documents/Unreal Projects/SubstationNine/Content/MainMenu.umap" 1732
"../../../Engine/Content/Maps/Entry_BuiltData.uasset" 1733
"../../../Engine/Content/Maps/Entry_BuiltData.uexp" 1734
"../../../Engine/Content/Maps/Entry.uexp" 1735
"../../../Engine/Content/Maps/Entry.umap" 1736
"C:/Users/Owner/Documents/Unreal Projects/SubstationNine/Content/Variant_Horror/Input/IMC_Horror.uasset" 1737
"C:/Users/Owner/Documents/Unreal Projects/SubstationNine/Content/Variant_Horror/Input/IMC_Horror.uexp" 1738
"C:/Users/Owner/Documents/Unreal Projects/SubstationNine/Content/Input/IMC_MouseLook.uasset" 1739
"C:/Users/Owner/Documents/Unreal Projects/SubstationNine/Content/Input/IMC_MouseLook.uexp" 1740
"C:/Users/Owner/Documents/Unreal Projects/SubstationNine/Content/Input/IMC_Default.uasset" 1741
"C:/Users/Owner/Documents/Unreal Projects/SubstationNine/Content/Input/IMC_Default.uexp" 1742
"C:/Users/Owner/Documents/Unreal Projects/SubstationNine/Content/Variant_Horror/Blueprints/BP_HorrorPlayerController.uasset" 1743
"C:/Users/Owner/Documents/Unreal Projects/SubstationNine/Content/Variant_Horror/Blueprints/BP_HorrorPlayerController.uexp" 1744
"C:/Users/Owner/Documents/Unreal Projects/SubstationNine/Content/Variant_Horror/Blueprints/BP_HorrorGameMode.uasset" 1745
"C:/Users/Owner/Documents/Unreal Projects/SubstationNine/Content/Variant_Horror/Blueprints/BP_HorrorGameMode.uexp" 1746
"C:/Users/Owner/Documents/Unreal Projects/SubstationNine/Content/FirstPerson/Lvl_FirstPerson.uexp" 1747
"C:/Users/Owner/Documents/Unreal Projects/SubstationNine/Content/FirstPerson/Lvl_FirstPerson.umap" 1748
